Vendor,Batch,Plate_Map_Name,Assay_Plate_Barcode,Modality,Images_per_well,Sites-SubSampled,Binning,Magnification,Number_of_channels,z_plane,BF_Zplanes,spinning-disc,aperture,dry-immersion,vs-brightfield,simultaneous-excitation,sites,Size_MB,Size_MB_std,channel_names,brightfield_z_plane_used,feature_channels_found
MolDev,Scope1_MolDev_10X,JUMP-MOA_compound_platemap,Plate2_PCO_6ch_4site_10XPA,Confocal,4,,1,10,6,1,,no,0.45,dry,,,4,52.47633350846427,0.0001442278122525,"Actin, DNA, ER, Golgi, Mito, RNA",,"Actin, DNA, ER, Golgi, Mito, RNA"
MolDev,Scope1_MolDev_10X,JUMP-MOA_compound_platemap,Plate3_PCO_6ch_4site_10XPA_Crest,Confocal,4,,1,10,6,1,,yes,0.45,dry,,,4,52.47651426861264,0.0001832662332974,"Actin, DNA, ER, Golgi, Mito, RNA",,"Actin, DNA, ER, Golgi, Mito, RNA"
MolDev,Scope1_MolDev_10X_4siteZ,JUMP-MOA_compound_platemap,Plate3_PCO_6ch_4site_10XPA_Crestz,Confocal,4,,1,10,6,3,,yes,0.45,dry,,,4,52.47663138845419,0.0001418825539195,"Actin, DNA, ER, Golgi, Mito, RNA",,"Actin, DNA, ER, Golgi, Mito, RNA"
MolDev,Scope1_MolDev_20X_4site,JUMP-MOA_compound_platemap,Plate3_PCO_6ch_4site_20XPA_Crestz,Confocal,4,,1,20,6,3,,yes,0.75,dry,,,4,52.476629335720496,0.0001144565992287,"Actin, DNA, ER, Golgi, Mito, RNA",,"Actin, DNA, ER, Golgi, Mito, RNA"
MolDev,Scope1_MolDev_20X_9site,JUMP-MOA_compound_platemap,Plate2_PCO_6ch_9site_20XPA,Confocal,9,,1,20,6,1,,no,0.75,dry,,,9,52.47633408863811,0.0001533901215815,"Actin, DNA, ER, Golgi, Mito, RNA",,"Actin, DNA, ER, Golgi, Mito, RNA"
MolDev,Scope1_MolDev_20X_9site,JUMP-MOA_compound_platemap,Plate3_PCO_6ch_9site_20XPA_Crest,Confocal,9,,1,20,6,1,,yes,0.75,dry,,,9,52.476410701871146,0.0001143807788651,"Actin, DNA, ER, Golgi, Mito, RNA",,"Actin, DNA, ER, Golgi, Mito, RNA"
MolDev,Scope1_MolDev_20X_Adaptive,JUMP-MOA_compound_platemap,Plate3_PCO_6ch_Adaptive_20XPA,Confocal,3,,1,20,6,1,,yes,0.75,dry,,,3,52.47637795278796,0.0002149306010088,"Actin, DNA, ER, Golgi, Mito, RNA",,"Actin, DNA, ER, Golgi, Mito, RNA"
Nikon,Scope1_Nikon_10X,JUMP-MOA_compound_platemap,BR00117060a10x,Widefield,1,,1,10,4,1,,,0.45,dry,,,1,8.363558399999999,6.385515911347742,"AGP, DNA, ER, Mito",,"AGP, DNA, ER, Mito"
Nikon,Scope1_Nikon_10X,JUMP-MOA_compound_platemap,BR00117061a10x,Widefield,1,,1,10,4,1,,,0.45,dry,,,1,8.363558399999999,6.385515911347742,"AGP, DNA, ER, Mito",,"AGP, DNA, ER, Mito"
Nikon,Scope1_Nikon_10X,JUMP-MOA_compound_platemap,BR00117062a10x,Widefield,1,,1,10,4,1,,,0.45,dry,,,1,8.367766061747778,6.406564857926455,"AGP, DNA, ER, Mito",,"AGP, DNA, ER, Mito"
Nikon,Scope1_Nikon_10X,JUMP-MOA_compound_platemap,BR00117063b10x,Widefield,1,,1,10,4,1,,,0.45,dry,,,1,8.363558399999999,6.385515911347742,"AGP, DNA, ER, Mito",,"AGP, DNA, ER, Mito"
Nikon,Scope1_Nikon_20X,JUMP-MOA_compound_platemap,BR00117061a,Widefield,9,,1,20,4,1,,,0.75,dry,,,9,9.872705523809524,27.71715325897701,"AGP, DNA, ER, Mito",,"AGP, DNA, ER, Mito"
Nikon,Scope1_Nikon_20X,JUMP-MOA_compound_platemap,BR00117062a,Widefield,9,,1,20,4,1,,,0.75,dry,,,9,9.874534885786955,27.72811646838089,"AGP, DNA, ER, Mito",,"AGP, DNA, ER, Mito"
Nikon,Scope1_Nikon_20X,JUMP-MOA_compound_platemap,BR00117063b,Widefield,9,,1,20,4,1,,,0.75,dry,,,9,9.873193142857142,27.72026359490857,"AGP, DNA, ER, Mito",,"AGP, DNA, ER, Mito"
PE,Scope1_PE_Bin1_Confocal_1Plane,JUMP-MOA_compound_platemap,CP_Broad_Phenix_C_BIN1_1Plane_P1,Confocal,3,,1,20,5,1,,,1.0,water,,,3,9.526376890277778,2.0565191378417467,"DNA, ER, Mito, RNA, WGPhalloidin",,"DNA, ER, Mito, RNA, WGPhalloidin"
PE,Scope1_PE_Bin1_Confocal_1Plane,JUMP-MOA_compound_platemap,CP_Broad_Phenix_C_BIN1_1Plane_P2,Confocal,3,,1,20,5,1,,,1.0,water,,,3,9.484644246354168,2.025928930970477,"DNA, ER, Mito, RNA, WGPhalloidin",,"DNA, ER, Mito, RNA, WGPhalloidin"
PE,Scope1_PE_Bin1_Confocal_1Plane,JUMP-MOA_compound_platemap,CP_Broad_Phenix_C_BIN1_1Plane_P3,Confocal,3,,1,20,5,1,,,1.0,water,,,3,9.352902417534724,1.9951894891107755,"DNA, ER, Mito, RNA, WGPhalloidin",,"DNA, ER, Mito, RNA, WGPhalloidin"
PE,Scope1_PE_Bin1_Confocal_1Plane,JUMP-MOA_compound_platemap,CP_Broad_Phenix_C_BIN1_1Plane_P4,Confocal,3,,1,20,5,1,,,1.0,water,,,3,9.587194772569443,1.98962241996142,"DNA, ER, Mito, RNA, WGPhalloidin",,"DNA, ER, Mito, RNA, WGPhalloidin"
PE,Scope1_PE_Bin1_Confocal_3Plane,JUMP-MOA_compound_platemap,CP_Broad_Phenix_C_BIN1_P1,Confocal,3,,1,20,5,3,,,1.0,water,,,3,9.427739027387153,1.770551519981647,"DNA, ER, Mito, RNA, WGPhalloidin",,"DNA, ER, Mito, RNA, WGPhalloidin"
PE,Scope1_PE_Bin1_Confocal_3Plane,JUMP-MOA_compound_platemap,CP_Broad_Phenix_C_BIN1_P2,Confocal,3,,1,20,5,3,,,1.0,water,,,3,9.400030113975694,1.7444178588993882,"DNA, ER, Mito, RNA, WGPhalloidin",,"DNA, ER, Mito, RNA, WGPhalloidin"
PE,Scope1_PE_Bin1_Confocal_3Plane,JUMP-MOA_compound_platemap,CP_Broad_Phenix_C_BIN1_P3,Confocal,3,,1,20,5,3,,,1.0,water,,,3,9.294915464192709,1.7150987613811473,"DNA, ER, Mito, RNA, WGPhalloidin",,"DNA, ER, Mito, RNA, WGPhalloidin"
PE,Scope1_PE_Bin1_Confocal_3Plane,JUMP-MOA_compound_platemap,CP_Broad_Phenix_C_BIN1_P4,Confocal,3,,1,20,5,3,,,1.0,water,,,3,9.473822339626736,1.7165383290089768,"DNA, ER, Mito, RNA, WGPhalloidin",,"DNA, ER, Mito, RNA, WGPhalloidin"
PE,Scope1_PE_Bin1_Widefield_1Plane,JUMP-MOA_compound_platemap,CP_Broad_Phenix_NC_BIN1_1Plane_P1,Widefield,3,,1,20,5,1,,,1.0,water,,,3,9.361273220138887,1.4108040446701178,"DNA, ER, Mito, RNA, WGPhalloidin",,"DNA, ER, Mito, RNA, WGPhalloidin"
PE,Scope1_PE_Bin1_Widefield_1Plane,JUMP-MOA_compound_platemap,CP_Broad_Phenix_NC_BIN1_1Plane_P2,Widefield,3,,1,20,5,1,,,1.0,water,,,3,9.244346441493056,1.3545035864597534,"DNA, ER, Mito, RNA, WGPhalloidin",,"DNA, ER, Mito, RNA, WGPhalloidin"
PE,Scope1_PE_Bin1_Widefield_1Plane,JUMP-MOA_compound_platemap,CP_Broad_Phenix_NC_BIN1_1Plane_P3,Widefield,3,,1,20,5,1,,,1.0,water,,,3,9.078627320486111,1.285123915312363,"DNA, ER, Mito, RNA, WGPhalloidin",,"DNA, ER, Mito, RNA, WGPhalloidin"
PE,Scope1_PE_Bin1_Widefield_1Plane,JUMP-MOA_compound_platemap,CP_Broad_Phenix_NC_BIN1_1Plane_P4,Widefield,3,,1,20,5,1,,,1.0,water,,,3,9.285375732465278,1.3568508549011784,"DNA, ER, Mito, RNA, WGPhalloidin",,"DNA, ER, Mito, RNA, WGPhalloidin"
PE,Scope1_PE_Bin1_Widefield_3Plane,JUMP-MOA_compound_platemap,CP_Broad_Phenix_NC_BIN1_P1,Widefield,3,,1,20,5,3,,,1.0,water,,,3,9.352243912760416,1.218635233760007,"DNA, ER, Mito, RNA, WGPhalloidin",,"DNA, ER, Mito, RNA, WGPhalloidin"
PE,Scope1_PE_Bin1_Widefield_3Plane,JUMP-MOA_compound_platemap,CP_Broad_Phenix_NC_BIN1_P2,Widefield,3,,1,20,5,3,,,1.0,water,,,3,9.26465514249132,1.1695304824284756,"DNA, ER, Mito, RNA, WGPhalloidin",,"DNA, ER, Mito, RNA, WGPhalloidin"
PE,Scope1_PE_Bin1_Widefield_3Plane,JUMP-MOA_compound_platemap,CP_Broad_Phenix_NC_BIN1_P3,Widefield,3,,1,20,5,3,,,1.0,water,,,3,9.13974850384198,1.114549893932567,"DNA, ER, Mito, RNA, WGPhalloidin",,"DNA, ER, Mito, RNA, WGPhalloidin"
PE,Scope1_PE_Bin1_Widefield_3Plane,JUMP-MOA_compound_platemap,CP_Broad_Phenix_NC_BIN1_P4,Widefield,3,,1,20,5,3,,,1.0,water,,,3,9.294385866015624,1.171688340664966,"DNA, ER, Mito, RNA, WGPhalloidin",,"DNA, ER, Mito, RNA, WGPhalloidin"
PE,Scope1_PE_Bin2_Confocal_1Plane,JUMP-MOA_compound_platemap,CPBroadPhenixC1PlaneP1,Confocal,3,,2,20,5,1,,,1.0,water,,,3,2.5278992638888886,0.4412584035977545,"DNA, ER, Mito, RNA, WGPhalloidin",,"DNA, ER, Mito, RNA, WGPhalloidin"
PE,Scope1_PE_Bin2_Confocal_1Plane,JUMP-MOA_compound_platemap,CPBroadPhenixC1PlaneP2,Confocal,3,,2,20,5,1,,,1.0,water,,,3,2.5117242170138887,0.4385164451853092,"DNA, ER, Mito, RNA, WGPhalloidin",,"DNA, ER, Mito, RNA, WGPhalloidin"
PE,Scope1_PE_Bin2_Confocal_1Plane,JUMP-MOA_compound_platemap,CPBroadPhenixC1PlaneP3,Confocal,3,,2,20,5,1,,,1.0,water,,,3,2.496831200868056,0.4324858760085421,"DNA, ER, Mito, RNA, WGPhalloidin",,"DNA, ER, Mito, RNA, WGPhalloidin"
PE,Scope1_PE_Bin2_Confocal_1Plane,JUMP-MOA_compound_platemap,CPBroadPhenixC1PlaneP4,Confocal,3,,2,20,5,1,,,1.0,water,,,3,2.5391980420138887,0.4416072258404082,"DNA, ER, Mito, RNA, WGPhalloidin",,"DNA, ER, Mito, RNA, WGPhalloidin"
PE,Scope1_PE_Bin2_Confocal_3Plane,JUMP-MOA_compound_platemap,CPBroadPhenixCP1,Confocal,3,,2,20,5,3,,,1.0,water,,,3,2.469308975434028,0.3880017512438815,"DNA, ER, Mito, RNA, WGPhalloidin",,"DNA, ER, Mito, RNA, WGPhalloidin"
PE,Scope1_PE_Bin2_Confocal_3Plane,JUMP-MOA_compound_platemap,CPBroadPhenixCP2,Confocal,3,,2,20,5,3,,,1.0,water,,,3,2.4569272017361112,0.3843036502076983,"AGP, DNA, ER, Mito, RNA",,"DNA, ER, Mito, RNA"
PE,Scope1_PE_Bin2_Confocal_3Plane,JUMP-MOA_compound_platemap,CPBroadPhenixCP3,Confocal,3,,2,20,5,3,,,1.0,water,,,3,2.444871485677083,0.3774570655652293,"AGP, DNA, ER, Mito, RNA",,"DNA, ER, Mito, RNA"
PE,Scope1_PE_Bin2_Confocal_3Plane,JUMP-MOA_compound_platemap,CPBroadPhenixCP4,Confocal,3,,2,20,5,3,,,1.0,water,,,3,2.477544597699653,0.3899898925761733,"AGP, DNA, ER, Mito, RNA",,"DNA, ER, Mito, RNA"
PE,Scope1_PE_Bin2_Widefield_1Plane,JUMP-MOA_compound_platemap,CPBroadPhenixNC1PlaneP1,Widefield,3,,2,20,5,1,,,1.0,water,,,3,2.5197415142361104,0.3583887823059312,"DNA, ER, Mito, RNA, WGPhalloidin",,"DNA, ER, Mito, RNA, WGPhalloidin"
PE,Scope1_PE_Bin2_Widefield_1Plane,JUMP-MOA_compound_platemap,CPBroadPhenixNC1PlaneP2,Widefield,3,,2,20,5,1,,,1.0,water,,,3,2.4842230220486106,0.3463563151530108,"DNA, ER, Mito, RNA, WGPhalloidin",,"DNA, ER, Mito, RNA, WGPhalloidin"
PE,Scope1_PE_Bin2_Widefield_1Plane,JUMP-MOA_compound_platemap,CPBroadPhenixNC1PlaneP3,Widefield,3,,2,20,5,1,,,1.0,water,,,3,2.449872113541667,0.3403115388288124,"DNA, ER, Mito, RNA, WGPhalloidin",,"DNA, ER, Mito, RNA, WGPhalloidin"
PE,Scope1_PE_Bin2_Widefield_1Plane,JUMP-MOA_compound_platemap,CPBroadPhenixNC1PlaneP4,Widefield,3,,2,20,5,1,,,1.0,water,,,3,2.4888575682291667,0.3486822561498516,"DNA, ER, Mito, RNA, WGPhalloidin",,"DNA, ER, Mito, RNA, WGPhalloidin"
PE,Scope1_PE_Bin2_Widefield_3Plane,JUMP-MOA_compound_platemap,CPBroadPhenixNCP1,Widefield,3,,2,20,5,3,,,1.0,water,,,3,2.4729005588107635,0.320289208912784,"AGP, DNA, ER, Mito, RNA",,"DNA, ER, Mito, RNA"
PE,Scope1_PE_Bin2_Widefield_3Plane,JUMP-MOA_compound_platemap,CPBroadPhenixNCP2,Widefield,3,,2,20,5,3,,,1.0,water,,,3,2.446370618706597,0.3065002120595112,"DNA, ER, Mito, RNA, WGPhalloidin",,"DNA, ER, Mito, RNA, WGPhalloidin"
PE,Scope1_PE_Bin2_Widefield_3Plane,JUMP-MOA_compound_platemap,CPBroadPhenixNCP3,Widefield,3,,2,20,5,3,,,1.0,water,,,3,2.420489624045139,0.2984912633386465,"DNA, ER, Mito, RNA, WGPhalloidin",,"DNA, ER, Mito, RNA, WGPhalloidin"
PE,Scope1_PE_Bin2_Widefield_3Plane,JUMP-MOA_compound_platemap,CPBroadPhenixNCP4,Widefield,3,,2,20,5,3,,,1.0,water,,,3,2.449472850520833,0.3089559138367057,"DNA, ER, Mito, RNA, WGPhalloidin",,"DNA, ER, Mito, RNA, WGPhalloidin"
Yokogawa_Japan,Scope1_Yokogawa_Japan_20X,JUMP-MOA_compound_platemap,20201021T092317,Confocal,9,,1,20,5,10,,,0.75,dry,,,9,6.732652407754817,1.4478181011645723,"AGP, DNA, ER, Mito, RNA",,"AGP, DNA, ER, Mito, RNA"
Yokogawa_Japan,Scope1_Yokogawa_Japan_40X,JUMP-MOA_compound_platemap,20201020T134356,Confocal,2,,1,40,5,12,,,0.95,dry,no,,2,6.472608521499776,1.473862553735304,"AGP, DNA, ER, Mito, RNA",,"AGP, DNA, ER, Mito, RNA"
Yokogawa_US,Scope1_Yokogawa_US_10X,JUMP-MOA_compound_platemap,BRO0117014_10x,Confocal,4,,1,10,6,12,10,,0.4,dry,yes,,4,8.005537077542556,0.1249062371479002,"AGP, BrightField, DNA, ER, Mito, RNA",Z06,"AGP, BrightField, DNA, ER, Mito, RNA"
Yokogawa_US,Scope1_Yokogawa_US_20X_5Ch,JUMP-MOA_compound_platemap,BRO0117033_20xb,Confocal,9,,1,20,5,1,,,1.0,water,no,2.0,9,8.003584569497503,3.321743305600624e-05,"AGP, DNA, ER, Mito, RNA",,"AGP, DNA, ER, Mito, RNA"
Yokogawa_US,Scope1_Yokogawa_US_20X_5Ch,JUMP-MOA_compound_platemap,BRO0117056_20x,Confocal,9,,1,20,5,1,,,1.0,water,no,2.0,9,8.003585008849559,4.420621201185514e-05,"AGP, DNA, ER, Mito, RNA",,"AGP, DNA, ER, Mito, RNA"
Yokogawa_US,Scope1_Yokogawa_US_20X_5Ch_12Z,JUMP-MOA_compound_platemap,BRO0117056_20xb,Confocal,9,,1,20,5,12,,,1.0,water,no,2.0,9,8.003585008849559,4.420621201185514e-05,"AGP, DNA, ER, Mito, RNA",,"AGP, DNA, ER, Mito, RNA"
Yokogawa_US,Scope1_Yokogawa_US_20X_6Ch_BRO0117033,JUMP-MOA_compound_platemap,BRO0117033_20x,Confocal,9,,1,20,6,12,11,,1.0,water,yes,2.0,9,8.003584569497503,3.321743305600624e-05,"AGP, BrightField, DNA, ER, Mito, RNA",Z06,"AGP, BrightField, DNA, ER, Mito, RNA"
Yokogawa_US,Scope1_Yokogawa_US_20X_6Ch_BRO0117059,JUMP-MOA_compound_platemap,BRO0117059_20X,Confocal,9,,1,20,6,12,15,,1.0,water,yes,4.0,9,7.954438655328631,0.0005830792119728,"AGP, BrightField, DNA, ER, Mito, RNA",Z08,"AGP, BrightField, DNA, ER, Mito, RNA"
Yokogawa_US,Scope1_Yokogawa_US_20X_6Ch_BRO01177034,JUMP-MOA_compound_platemap,BRO01177034_20x,Confocal,9,,1,20,6,12,13,,1.0,water,yes,1.0,9,8.00358409895328,1.3847842933807417e-05,"AGP, BrightField, DNA, ER, Mito, RNA",Z17,"AGP, BrightField, DNA, ER, Mito, RNA"
Yokogawa_US,Scope1_Yokogawa_US_40X_BRO0117059,JUMP-MOA_compound_platemap,BRO0117059_40x,Confocal,9,,1,40,6,12,15,,1.0,water,yes,4.0,9,7.971628412838189,0.0802013512075437,"AGP, BrightField, DNA, ER, Mito, RNA",Z08,"AGP, BrightField, DNA, ER, Mito, RNA"
MolDev,1siteSubSample_Scope1_MolDev_10X,JUMP-MOA_compound_platemap,Plate2_PCO_6ch_4site_10XPA,Confocal,4,1.0,1,10,6,1,,no,0.45,dry,,,1,52.47633350846427,0.0001442278122525,"Actin, DNA, ER, Golgi, Mito, RNA",,"Actin, DNA, ER, Golgi, Mito, RNA"
MolDev,1siteSubSample_Scope1_MolDev_10X,JUMP-MOA_compound_platemap,Plate3_PCO_6ch_4site_10XPA_Crest,Confocal,4,1.0,1,10,6,1,,yes,0.45,dry,,,1,52.47651426861264,0.0001832662332974,"Actin, DNA, ER, Golgi, Mito, RNA",,"Actin, DNA, ER, Golgi, Mito, RNA"
MolDev,1siteSubSample_Scope1_MolDev_10X_4siteZ,JUMP-MOA_compound_platemap,Plate3_PCO_6ch_4site_10XPA_Crestz,Confocal,4,1.0,1,10,6,3,,yes,0.45,dry,,,1,52.47663138845419,0.0001418825539195,"Actin, DNA, ER, Golgi, Mito, RNA",,"Actin, DNA, ER, Golgi, Mito, RNA"
MolDev,1siteSubSample_Scope1_MolDev_20X_4site,JUMP-MOA_compound_platemap,Plate3_PCO_6ch_4site_20XPA_Crestz,Confocal,4,1.0,1,20,6,3,,yes,0.75,dry,,,1,52.476629335720496,0.0001144565992287,"Actin, DNA, ER, Golgi, Mito, RNA",,"Actin, DNA, ER, Golgi, Mito, RNA"
MolDev,1siteSubSample_Scope1_MolDev_20X_9site,JUMP-MOA_compound_platemap,Plate2_PCO_6ch_9site_20XPA,Confocal,9,1.0,1,20,6,1,,no,0.75,dry,,,1,52.47633408863811,0.0001533901215815,"Actin, DNA, ER, Golgi, Mito, RNA",,"Actin, DNA, ER, Golgi, Mito, RNA"
MolDev,1siteSubSample_Scope1_MolDev_20X_9site,JUMP-MOA_compound_platemap,Plate3_PCO_6ch_9site_20XPA_Crest,Confocal,9,1.0,1,20,6,1,,yes,0.75,dry,,,1,52.476410701871146,0.0001143807788651,"Actin, DNA, ER, Golgi, Mito, RNA",,"Actin, DNA, ER, Golgi, Mito, RNA"
Nikon,1siteSubSample_Scope1_Nikon_20X,JUMP-MOA_compound_platemap,BR00117061a,Widefield,9,1.0,1,20,4,1,,,0.75,dry,,,1,9.872705523809524,27.71715325897701,"AGP, DNA, ER, Mito",,"AGP, DNA, ER, Mito"
Nikon,1siteSubSample_Scope1_Nikon_20X,JUMP-MOA_compound_platemap,BR00117062a,Widefield,9,1.0,1,20,4,1,,,0.75,dry,,,1,9.874534885786955,27.72811646838089,"AGP, DNA, ER, Mito",,"AGP, DNA, ER, Mito"
Nikon,1siteSubSample_Scope1_Nikon_20X,JUMP-MOA_compound_platemap,BR00117063b,Widefield,9,1.0,1,20,4,1,,,0.75,dry,,,1,9.873193142857142,27.72026359490857,"AGP, DNA, ER, Mito",,"AGP, DNA, ER, Mito"
PE,1siteSubSample_Scope1_PE_Bin1_Confocal_1Plane,JUMP-MOA_compound_platemap,CP_Broad_Phenix_C_BIN1_1Plane_P1,Confocal,3,1.0,1,20,5,1,,,1.0,water,,,1,9.526376890277778,2.0565191378417467,"DNA, ER, Mito, RNA, WGPhalloidin",,"DNA, ER, Mito, RNA, WGPhalloidin"
PE,1siteSubSample_Scope1_PE_Bin1_Confocal_1Plane,JUMP-MOA_compound_platemap,CP_Broad_Phenix_C_BIN1_1Plane_P2,Confocal,3,1.0,1,20,5,1,,,1.0,water,,,1,9.484644246354168,2.025928930970477,"DNA, ER, Mito, RNA, WGPhalloidin",,"DNA, ER, Mito, RNA, WGPhalloidin"
PE,1siteSubSample_Scope1_PE_Bin1_Confocal_1Plane,JUMP-MOA_compound_platemap,CP_Broad_Phenix_C_BIN1_1Plane_P3,Confocal,3,1.0,1,20,5,1,,,1.0,water,,,1,9.352902417534724,1.9951894891107755,"DNA, ER, Mito, RNA, WGPhalloidin",,"DNA, ER, Mito, RNA, WGPhalloidin"
PE,1siteSubSample_Scope1_PE_Bin1_Confocal_1Plane,JUMP-MOA_compound_platemap,CP_Broad_Phenix_C_BIN1_1Plane_P4,Confocal,3,1.0,1,20,5,1,,,1.0,water,,,1,9.587194772569443,1.98962241996142,"DNA, ER, Mito, RNA, WGPhalloidin",,"DNA, ER, Mito, RNA, WGPhalloidin"
PE,1siteSubSample_Scope1_PE_Bin1_Confocal_3Plane,JUMP-MOA_compound_platemap,CP_Broad_Phenix_C_BIN1_P1,Confocal,3,1.0,1,20,5,3,,,1.0,water,,,1,9.427739027387153,1.770551519981647,"DNA, ER, Mito, RNA, WGPhalloidin",,"DNA, ER, Mito, RNA, WGPhalloidin"
PE,1siteSubSample_Scope1_PE_Bin1_Confocal_3Plane,JUMP-MOA_compound_platemap,CP_Broad_Phenix_C_BIN1_P2,Confocal,3,1.0,1,20,5,3,,,1.0,water,,,1,9.400030113975694,1.7444178588993882,"DNA, ER, Mito, RNA, WGPhalloidin",,"DNA, ER, Mito, RNA, WGPhalloidin"
PE,1siteSubSample_Scope1_PE_Bin1_Confocal_3Plane,JUMP-MOA_compound_platemap,CP_Broad_Phenix_C_BIN1_P3,Confocal,3,1.0,1,20,5,3,,,1.0,water,,,1,9.294915464192709,1.7150987613811473,"DNA, ER, Mito, RNA, WGPhalloidin",,"DNA, ER, Mito, RNA, WGPhalloidin"
PE,1siteSubSample_Scope1_PE_Bin1_Confocal_3Plane,JUMP-MOA_compound_platemap,CP_Broad_Phenix_C_BIN1_P4,Confocal,3,1.0,1,20,5,3,,,1.0,water,,,1,9.473822339626736,1.7165383290089768,"DNA, ER, Mito, RNA, WGPhalloidin",,"DNA, ER, Mito, RNA, WGPhalloidin"
PE,1siteSubSample_Scope1_PE_Bin1_Widefield_1Plane,JUMP-MOA_compound_platemap,CP_Broad_Phenix_NC_BIN1_1Plane_P1,Widefield,3,1.0,1,20,5,1,,,1.0,water,,,1,9.361273220138887,1.4108040446701178,"DNA, ER, Mito, RNA, WGPhalloidin",,"DNA, ER, Mito, RNA, WGPhalloidin"
PE,1siteSubSample_Scope1_PE_Bin1_Widefield_1Plane,JUMP-MOA_compound_platemap,CP_Broad_Phenix_NC_BIN1_1Plane_P2,Widefield,3,1.0,1,20,5,1,,,1.0,water,,,1,9.244346441493056,1.3545035864597534,"DNA, ER, Mito, RNA, WGPhalloidin",,"DNA, ER, Mito, RNA, WGPhalloidin"
PE,1siteSubSample_Scope1_PE_Bin1_Widefield_1Plane,JUMP-MOA_compound_platemap,CP_Broad_Phenix_NC_BIN1_1Plane_P3,Widefield,3,1.0,1,20,5,1,,,1.0,water,,,1,9.078627320486111,1.285123915312363,"DNA, ER, Mito, RNA, WGPhalloidin",,"DNA, ER, Mito, RNA, WGPhalloidin"
PE,1siteSubSample_Scope1_PE_Bin1_Widefield_1Plane,JUMP-MOA_compound_platemap,CP_Broad_Phenix_NC_BIN1_1Plane_P4,Widefield,3,1.0,1,20,5,1,,,1.0,water,,,1,9.285375732465278,1.3568508549011784,"DNA, ER, Mito, RNA, WGPhalloidin",,"DNA, ER, Mito, RNA, WGPhalloidin"
PE,1siteSubSample_Scope1_PE_Bin1_Widefield_3Plane,JUMP-MOA_compound_platemap,CP_Broad_Phenix_NC_BIN1_P1,Widefield,3,1.0,1,20,5,3,,,1.0,water,,,1,9.352243912760416,1.218635233760007,"DNA, ER, Mito, RNA, WGPhalloidin",,"DNA, ER, Mito, RNA, WGPhalloidin"
PE,1siteSubSample_Scope1_PE_Bin1_Widefield_3Plane,JUMP-MOA_compound_platemap,CP_Broad_Phenix_NC_BIN1_P2,Widefield,3,1.0,1,20,5,3,,,1.0,water,,,1,9.26465514249132,1.1695304824284756,"DNA, ER, Mito, RNA, WGPhalloidin",,"DNA, ER, Mito, RNA, WGPhalloidin"
PE,1siteSubSample_Scope1_PE_Bin1_Widefield_3Plane,JUMP-MOA_compound_platemap,CP_Broad_Phenix_NC_BIN1_P3,Widefield,3,1.0,1,20,5,3,,,1.0,water,,,1,9.13974850384198,1.114549893932567,"DNA, ER, Mito, RNA, WGPhalloidin",,"DNA, ER, Mito, RNA, WGPhalloidin"
PE,1siteSubSample_Scope1_PE_Bin1_Widefield_3Plane,JUMP-MOA_compound_platemap,CP_Broad_Phenix_NC_BIN1_P4,Widefield,3,1.0,1,20,5,3,,,1.0,water,,,1,9.294385866015624,1.171688340664966,"DNA, ER, Mito, RNA, WGPhalloidin",,"DNA, ER, Mito, RNA, WGPhalloidin"
PE,1siteSubSample_Scope1_PE_Bin2_Confocal_1Plane,JUMP-MOA_compound_platemap,CPBroadPhenixC1PlaneP1,Confocal,3,1.0,2,20,5,1,,,1.0,water,,,1,2.5278992638888886,0.4412584035977545,"DNA, ER, Mito, RNA, WGPhalloidin",,"DNA, ER, Mito, RNA, WGPhalloidin"
PE,1siteSubSample_Scope1_PE_Bin2_Confocal_1Plane,JUMP-MOA_compound_platemap,CPBroadPhenixC1PlaneP2,Confocal,3,1.0,2,20,5,1,,,1.0,water,,,1,2.5117242170138887,0.4385164451853092,"DNA, ER, Mito, RNA, WGPhalloidin",,"DNA, ER, Mito, RNA, WGPhalloidin"
PE,1siteSubSample_Scope1_PE_Bin2_Confocal_1Plane,JUMP-MOA_compound_platemap,CPBroadPhenixC1PlaneP3,Confocal,3,1.0,2,20,5,1,,,1.0,water,,,1,2.496831200868056,0.4324858760085421,"DNA, ER, Mito, RNA, WGPhalloidin",,"DNA, ER, Mito, RNA, WGPhalloidin"
PE,1siteSubSample_Scope1_PE_Bin2_Confocal_1Plane,JUMP-MOA_compound_platemap,CPBroadPhenixC1PlaneP4,Confocal,3,1.0,2,20,5,1,,,1.0,water,,,1,2.5391980420138887,0.4416072258404082,"DNA, ER, Mito, RNA, WGPhalloidin",,"DNA, ER, Mito, RNA, WGPhalloidin"
PE,1siteSubSample_Scope1_PE_Bin2_Confocal_3Plane,JUMP-MOA_compound_platemap,CPBroadPhenixCP1,Confocal,3,1.0,2,20,5,3,,,1.0,water,,,1,2.469308975434028,0.3880017512438815,"DNA, ER, Mito, RNA, WGPhalloidin",,"DNA, ER, Mito, RNA, WGPhalloidin"
PE,1siteSubSample_Scope1_PE_Bin2_Confocal_3Plane,JUMP-MOA_compound_platemap,CPBroadPhenixCP2,Confocal,3,1.0,2,20,5,3,,,1.0,water,,,1,2.4569272017361112,0.3843036502076983,"AGP, DNA, ER, Mito, RNA",,"DNA, ER, Mito, RNA"
PE,1siteSubSample_Scope1_PE_Bin2_Confocal_3Plane,JUMP-MOA_compound_platemap,CPBroadPhenixCP3,Confocal,3,1.0,2,20,5,3,,,1.0,water,,,1,2.444871485677083,0.3774570655652293,"AGP, DNA, ER, Mito, RNA",,"DNA, ER, Mito, RNA"
PE,1siteSubSample_Scope1_PE_Bin2_Confocal_3Plane,JUMP-MOA_compound_platemap,CPBroadPhenixCP4,Confocal,3,1.0,2,20,5,3,,,1.0,water,,,1,2.477544597699653,0.3899898925761733,"AGP, DNA, ER, Mito, RNA",,"DNA, ER, Mito, RNA"
PE,1siteSubSample_Scope1_PE_Bin2_Widefield_1Plane,JUMP-MOA_compound_platemap,CPBroadPhenixNC1PlaneP1,Widefield,3,1.0,2,20,5,1,,,1.0,water,,,1,2.5197415142361104,0.3583887823059312,"DNA, ER, Mito, RNA, WGPhalloidin",,"DNA, ER, Mito, RNA, WGPhalloidin"
PE,1siteSubSample_Scope1_PE_Bin2_Widefield_1Plane,JUMP-MOA_compound_platemap,CPBroadPhenixNC1PlaneP2,Widefield,3,1.0,2,20,5,1,,,1.0,water,,,1,2.4842230220486106,0.3463563151530108,"DNA, ER, Mito, RNA, WGPhalloidin",,"DNA, ER, Mito, RNA, WGPhalloidin"
PE,1siteSubSample_Scope1_PE_Bin2_Widefield_1Plane,JUMP-MOA_compound_platemap,CPBroadPhenixNC1PlaneP3,Widefield,3,1.0,2,20,5,1,,,1.0,water,,,1,2.449872113541667,0.3403115388288124,"DNA, ER, Mito, RNA, WGPhalloidin",,"DNA, ER, Mito, RNA, WGPhalloidin"
PE,1siteSubSample_Scope1_PE_Bin2_Widefield_1Plane,JUMP-MOA_compound_platemap,CPBroadPhenixNC1PlaneP4,Widefield,3,1.0,2,20,5,1,,,1.0,water,,,1,2.4888575682291667,0.3486822561498516,"DNA, ER, Mito, RNA, WGPhalloidin",,"DNA, ER, Mito, RNA, WGPhalloidin"
PE,1siteSubSample_Scope1_PE_Bin2_Widefield_3Plane,JUMP-MOA_compound_platemap,CPBroadPhenixNCP1,Widefield,3,1.0,2,20,5,3,,,1.0,water,,,1,2.4729005588107635,0.320289208912784,"AGP, DNA, ER, Mito, RNA",,"DNA, ER, Mito, RNA"
PE,1siteSubSample_Scope1_PE_Bin2_Widefield_3Plane,JUMP-MOA_compound_platemap,CPBroadPhenixNCP2,Widefield,3,1.0,2,20,5,3,,,1.0,water,,,1,2.446370618706597,0.3065002120595112,"DNA, ER, Mito, RNA, WGPhalloidin",,"DNA, ER, Mito, RNA, WGPhalloidin"
PE,1siteSubSample_Scope1_PE_Bin2_Widefield_3Plane,JUMP-MOA_compound_platemap,CPBroadPhenixNCP3,Widefield,3,1.0,2,20,5,3,,,1.0,water,,,1,2.420489624045139,0.2984912633386465,"DNA, ER, Mito, RNA, WGPhalloidin",,"DNA, ER, Mito, RNA, WGPhalloidin"
PE,1siteSubSample_Scope1_PE_Bin2_Widefield_3Plane,JUMP-MOA_compound_platemap,CPBroadPhenixNCP4,Widefield,3,1.0,2,20,5,3,,,1.0,water,,,1,2.449472850520833,0.3089559138367057,"DNA, ER, Mito, RNA, WGPhalloidin",,"DNA, ER, Mito, RNA, WGPhalloidin"
Yokogawa_Japan,1siteSubSample_Scope1_Yokogawa_Japan_20X,JUMP-MOA_compound_platemap,20201021T092317,Confocal,9,1.0,1,20,5,10,,,0.75,dry,,,1,6.732652407754817,1.4478181011645723,"AGP, DNA, ER, Mito, RNA",,"AGP, DNA, ER, Mito, RNA"
Yokogawa_Japan,1siteSubSample_Scope1_Yokogawa_Japan_40X,JUMP-MOA_compound_platemap,20201020T134356,Confocal,2,1.0,1,40,5,12,,,0.95,dry,no,,1,6.472608521499776,1.473862553735304,"AGP, DNA, ER, Mito, RNA",,"AGP, DNA, ER, Mito, RNA"
Yokogawa_US,1siteSubSample_Scope1_Yokogawa_US_10X,JUMP-MOA_compound_platemap,BRO0117014_10x,Confocal,4,1.0,1,10,6,12,10,,0.4,dry,yes,,1,8.005537077542556,0.1249062371479002,"AGP, BrightField, DNA, ER, Mito, RNA",Z06,"AGP, BrightField, DNA, ER, Mito, RNA"
Yokogawa_US,1siteSubSample_Scope1_Yokogawa_US_20X_5Ch,JUMP-MOA_compound_platemap,BRO0117033_20xb,Confocal,9,1.0,1,20,5,1,,,1.0,water,no,2.0,1,8.003584569497503,3.321743305600624e-05,"AGP, DNA, ER, Mito, RNA",,"AGP, DNA, ER, Mito, RNA"
Yokogawa_US,1siteSubSample_Scope1_Yokogawa_US_20X_5Ch,JUMP-MOA_compound_platemap,BRO0117056_20x,Confocal,9,1.0,1,20,5,1,,,1.0,water,no,2.0,1,8.003585008849559,4.420621201185514e-05,"AGP, DNA, ER, Mito, RNA",,"AGP, DNA, ER, Mito, RNA"
Yokogawa_US,1siteSubSample_Scope1_Yokogawa_US_20X_5Ch_12Z,JUMP-MOA_compound_platemap,BRO0117056_20xb,Confocal,9,1.0,1,20,5,12,,,1.0,water,no,2.0,1,8.003585008849559,4.420621201185514e-05,"AGP, DNA, ER, Mito, RNA",,"AGP, DNA, ER, Mito, RNA"
Yokogawa_US,1siteSubSample_Scope1_Yokogawa_US_20X_6Ch_BRO0117059,JUMP-MOA_compound_platemap,BRO0117059_20X,Confocal,9,1.0,1,20,6,12,15,,1.0,water,yes,4.0,1,7.954438655328631,0.0005830792119728,"AGP, BrightField, DNA, ER, Mito, RNA",Z08,"AGP, BrightField, DNA, ER, Mito, RNA"
Yokogawa_US,1siteSubSample_Scope1_Yokogawa_US_20X_6Ch_BRO01177034,JUMP-MOA_compound_platemap,BRO01177034_20x,Confocal,9,1.0,1,20,6,12,13,,1.0,water,yes,1.0,1,8.00358409895328,1.3847842933807417e-05,"AGP, BrightField, DNA, ER, Mito, RNA",Z17,"AGP, BrightField, DNA, ER, Mito, RNA"
Yokogawa_US,1siteSubSample_Scope1_Yokogawa_US_40X_BRO0117059,JUMP-MOA_compound_platemap,BRO0117059_40x,Confocal,9,1.0,1,40,6,12,15,,1.0,water,yes,4.0,1,7.971628412838189,0.0802013512075437,"AGP, BrightField, DNA, ER, Mito, RNA",Z08,"AGP, BrightField, DNA, ER, Mito, RNA"
MolDev,2siteSubSample_Scope1_MolDev_10X,JUMP-MOA_compound_platemap,Plate2_PCO_6ch_4site_10XPA,Confocal,4,2.0,1,10,6,1,,no,0.45,dry,,,2,52.47633350846427,0.0001442278122525,"Actin, DNA, ER, Golgi, Mito, RNA",,"Actin, DNA, ER, Golgi, Mito, RNA"
MolDev,2siteSubSample_Scope1_MolDev_10X,JUMP-MOA_compound_platemap,Plate3_PCO_6ch_4site_10XPA_Crest,Confocal,4,2.0,1,10,6,1,,yes,0.45,dry,,,2,52.47651426861264,0.0001832662332974,"Actin, DNA, ER, Golgi, Mito, RNA",,"Actin, DNA, ER, Golgi, Mito, RNA"
MolDev,2siteSubSample_Scope1_MolDev_10X_4siteZ,JUMP-MOA_compound_platemap,Plate3_PCO_6ch_4site_10XPA_Crestz,Confocal,4,2.0,1,10,6,3,,yes,0.45,dry,,,2,52.47663138845419,0.0001418825539195,"Actin, DNA, ER, Golgi, Mito, RNA",,"Actin, DNA, ER, Golgi, Mito, RNA"
MolDev,2siteSubSample_Scope1_MolDev_20X_4site,JUMP-MOA_compound_platemap,Plate3_PCO_6ch_4site_20XPA_Crestz,Confocal,4,2.0,1,20,6,3,,yes,0.75,dry,,,2,52.476629335720496,0.0001144565992287,"Actin, DNA, ER, Golgi, Mito, RNA",,"Actin, DNA, ER, Golgi, Mito, RNA"
MolDev,2siteSubSample_Scope1_MolDev_20X_9site,JUMP-MOA_compound_platemap,Plate2_PCO_6ch_9site_20XPA,Confocal,9,2.0,1,20,6,1,,no,0.75,dry,,,2,52.47633408863811,0.0001533901215815,"Actin, DNA, ER, Golgi, Mito, RNA",,"Actin, DNA, ER, Golgi, Mito, RNA"
MolDev,2siteSubSample_Scope1_MolDev_20X_9site,JUMP-MOA_compound_platemap,Plate3_PCO_6ch_9site_20XPA_Crest,Confocal,9,2.0,1,20,6,1,,yes,0.75,dry,,,2,52.476410701871146,0.0001143807788651,"Actin, DNA, ER, Golgi, Mito, RNA",,"Actin, DNA, ER, Golgi, Mito, RNA"
Nikon,2siteSubSample_Scope1_Nikon_20X,JUMP-MOA_compound_platemap,BR00117061a,Widefield,9,2.0,1,20,4,1,,,0.75,dry,,,2,9.872705523809524,27.71715325897701,"AGP, DNA, ER, Mito",,"AGP, DNA, ER, Mito"
Nikon,2siteSubSample_Scope1_Nikon_20X,JUMP-MOA_compound_platemap,BR00117062a,Widefield,9,2.0,1,20,4,1,,,0.75,dry,,,2,9.874534885786955,27.72811646838089,"AGP, DNA, ER, Mito",,"AGP, DNA, ER, Mito"
Nikon,2siteSubSample_Scope1_Nikon_20X,JUMP-MOA_compound_platemap,BR00117063b,Widefield,9,2.0,1,20,4,1,,,0.75,dry,,,2,9.873193142857142,27.72026359490857,"AGP, DNA, ER, Mito",,"AGP, DNA, ER, Mito"
PE,2siteSubSample_Scope1_PE_Bin1_Confocal_1Plane,JUMP-MOA_compound_platemap,CP_Broad_Phenix_C_BIN1_1Plane_P1,Confocal,3,2.0,1,20,5,1,,,1.0,water,,,2,9.526376890277778,2.0565191378417467,"DNA, ER, Mito, RNA, WGPhalloidin",,"DNA, ER, Mito, RNA, WGPhalloidin"
PE,2siteSubSample_Scope1_PE_Bin1_Confocal_1Plane,JUMP-MOA_compound_platemap,CP_Broad_Phenix_C_BIN1_1Plane_P2,Confocal,3,2.0,1,20,5,1,,,1.0,water,,,2,9.484644246354168,2.025928930970477,"DNA, ER, Mito, RNA, WGPhalloidin",,"DNA, ER, Mito, RNA, WGPhalloidin"
PE,2siteSubSample_Scope1_PE_Bin1_Confocal_1Plane,JUMP-MOA_compound_platemap,CP_Broad_Phenix_C_BIN1_1Plane_P3,Confocal,3,2.0,1,20,5,1,,,1.0,water,,,2,9.352902417534724,1.9951894891107755,"DNA, ER, Mito, RNA, WGPhalloidin",,"DNA, ER, Mito, RNA, WGPhalloidin"
PE,2siteSubSample_Scope1_PE_Bin1_Confocal_1Plane,JUMP-MOA_compound_platemap,CP_Broad_Phenix_C_BIN1_1Plane_P4,Confocal,3,2.0,1,20,5,1,,,1.0,water,,,2,9.587194772569443,1.98962241996142,"DNA, ER, Mito, RNA, WGPhalloidin",,"DNA, ER, Mito, RNA, WGPhalloidin"
PE,2siteSubSample_Scope1_PE_Bin1_Confocal_3Plane,JUMP-MOA_compound_platemap,CP_Broad_Phenix_C_BIN1_P1,Confocal,3,2.0,1,20,5,3,,,1.0,water,,,2,9.427739027387153,1.770551519981647,"DNA, ER, Mito, RNA, WGPhalloidin",,"DNA, ER, Mito, RNA, WGPhalloidin"
PE,2siteSubSample_Scope1_PE_Bin1_Confocal_3Plane,JUMP-MOA_compound_platemap,CP_Broad_Phenix_C_BIN1_P2,Confocal,3,2.0,1,20,5,3,,,1.0,water,,,2,9.400030113975694,1.7444178588993882,"DNA, ER, Mito, RNA, WGPhalloidin",,"DNA, ER, Mito, RNA, WGPhalloidin"
PE,2siteSubSample_Scope1_PE_Bin1_Confocal_3Plane,JUMP-MOA_compound_platemap,CP_Broad_Phenix_C_BIN1_P3,Confocal,3,2.0,1,20,5,3,,,1.0,water,,,2,9.294915464192709,1.7150987613811473,"DNA, ER, Mito, RNA, WGPhalloidin",,"DNA, ER, Mito, RNA, WGPhalloidin"
PE,2siteSubSample_Scope1_PE_Bin1_Confocal_3Plane,JUMP-MOA_compound_platemap,CP_Broad_Phenix_C_BIN1_P4,Confocal,3,2.0,1,20,5,3,,,1.0,water,,,2,9.473822339626736,1.7165383290089768,"DNA, ER, Mito, RNA, WGPhalloidin",,"DNA, ER, Mito, RNA, WGPhalloidin"
PE,2siteSubSample_Scope1_PE_Bin1_Widefield_1Plane,JUMP-MOA_compound_platemap,CP_Broad_Phenix_NC_BIN1_1Plane_P1,Widefield,3,2.0,1,20,5,1,,,1.0,water,,,2,9.361273220138887,1.4108040446701178,"DNA, ER, Mito, RNA, WGPhalloidin",,"DNA, ER, Mito, RNA, WGPhalloidin"
PE,2siteSubSample_Scope1_PE_Bin1_Widefield_1Plane,JUMP-MOA_compound_platemap,CP_Broad_Phenix_NC_BIN1_1Plane_P2,Widefield,3,2.0,1,20,5,1,,,1.0,water,,,2,9.244346441493056,1.3545035864597534,"DNA, ER, Mito, RNA, WGPhalloidin",,"DNA, ER, Mito, RNA, WGPhalloidin"
PE,2siteSubSample_Scope1_PE_Bin1_Widefield_1Plane,JUMP-MOA_compound_platemap,CP_Broad_Phenix_NC_BIN1_1Plane_P3,Widefield,3,2.0,1,20,5,1,,,1.0,water,,,2,9.078627320486111,1.285123915312363,"DNA, ER, Mito, RNA, WGPhalloidin",,"DNA, ER, Mito, RNA, WGPhalloidin"
PE,2siteSubSample_Scope1_PE_Bin1_Widefield_1Plane,JUMP-MOA_compound_platemap,CP_Broad_Phenix_NC_BIN1_1Plane_P4,Widefield,3,2.0,1,20,5,1,,,1.0,water,,,2,9.285375732465278,1.3568508549011784,"DNA, ER, Mito, RNA, WGPhalloidin",,"DNA, ER, Mito, RNA, WGPhalloidin"
PE,2siteSubSample_Scope1_PE_Bin1_Widefield_3Plane,JUMP-MOA_compound_platemap,CP_Broad_Phenix_NC_BIN1_P1,Widefield,3,2.0,1,20,5,3,,,1.0,water,,,2,9.352243912760416,1.218635233760007,"DNA, ER, Mito, RNA, WGPhalloidin",,"DNA, ER, Mito, RNA, WGPhalloidin"
PE,2siteSubSample_Scope1_PE_Bin1_Widefield_3Plane,JUMP-MOA_compound_platemap,CP_Broad_Phenix_NC_BIN1_P2,Widefield,3,2.0,1,20,5,3,,,1.0,water,,,2,9.26465514249132,1.1695304824284756,"DNA, ER, Mito, RNA, WGPhalloidin",,"DNA, ER, Mito, RNA, WGPhalloidin"
PE,2siteSubSample_Scope1_PE_Bin1_Widefield_3Plane,JUMP-MOA_compound_platemap,CP_Broad_Phenix_NC_BIN1_P3,Widefield,3,2.0,1,20,5,3,,,1.0,water,,,2,9.13974850384198,1.114549893932567,"DNA, ER, Mito, RNA, WGPhalloidin",,"DNA, ER, Mito, RNA, WGPhalloidin"
PE,2siteSubSample_Scope1_PE_Bin1_Widefield_3Plane,JUMP-MOA_compound_platemap,CP_Broad_Phenix_NC_BIN1_P4,Widefield,3,2.0,1,20,5,3,,,1.0,water,,,2,9.294385866015624,1.171688340664966,"DNA, ER, Mito, RNA, WGPhalloidin",,"DNA, ER, Mito, RNA, WGPhalloidin"
PE,2siteSubSample_Scope1_PE_Bin2_Confocal_1Plane,JUMP-MOA_compound_platemap,CPBroadPhenixC1PlaneP1,Confocal,3,2.0,2,20,5,1,,,1.0,water,,,2,2.5278992638888886,0.4412584035977545,"DNA, ER, Mito, RNA, WGPhalloidin",,"DNA, ER, Mito, RNA, WGPhalloidin"
PE,2siteSubSample_Scope1_PE_Bin2_Confocal_1Plane,JUMP-MOA_compound_platemap,CPBroadPhenixC1PlaneP2,Confocal,3,2.0,2,20,5,1,,,1.0,water,,,2,2.5117242170138887,0.4385164451853092,"DNA, ER, Mito, RNA, WGPhalloidin",,"DNA, ER, Mito, RNA, WGPhalloidin"
PE,2siteSubSample_Scope1_PE_Bin2_Confocal_1Plane,JUMP-MOA_compound_platemap,CPBroadPhenixC1PlaneP3,Confocal,3,2.0,2,20,5,1,,,1.0,water,,,2,2.496831200868056,0.4324858760085421,"DNA, ER, Mito, RNA, WGPhalloidin",,"DNA, ER, Mito, RNA, WGPhalloidin"
PE,2siteSubSample_Scope1_PE_Bin2_Confocal_1Plane,JUMP-MOA_compound_platemap,CPBroadPhenixC1PlaneP4,Confocal,3,2.0,2,20,5,1,,,1.0,water,,,2,2.5391980420138887,0.4416072258404082,"DNA, ER, Mito, RNA, WGPhalloidin",,"DNA, ER, Mito, RNA, WGPhalloidin"
PE,2siteSubSample_Scope1_PE_Bin2_Confocal_3Plane,JUMP-MOA_compound_platemap,CPBroadPhenixCP1,Confocal,3,2.0,2,20,5,3,,,1.0,water,,,2,2.469308975434028,0.3880017512438815,"DNA, ER, Mito, RNA, WGPhalloidin",,"DNA, ER, Mito, RNA, WGPhalloidin"
PE,2siteSubSample_Scope1_PE_Bin2_Confocal_3Plane,JUMP-MOA_compound_platemap,CPBroadPhenixCP2,Confocal,3,2.0,2,20,5,3,,,1.0,water,,,2,2.4569272017361112,0.3843036502076983,"AGP, DNA, ER, Mito, RNA",,"DNA, ER, Mito, RNA"
PE,2siteSubSample_Scope1_PE_Bin2_Confocal_3Plane,JUMP-MOA_compound_platemap,CPBroadPhenixCP3,Confocal,3,2.0,2,20,5,3,,,1.0,water,,,2,2.444871485677083,0.3774570655652293,"AGP, DNA, ER, Mito, RNA",,"DNA, ER, Mito, RNA"
PE,2siteSubSample_Scope1_PE_Bin2_Confocal_3Plane,JUMP-MOA_compound_platemap,CPBroadPhenixCP4,Confocal,3,2.0,2,20,5,3,,,1.0,water,,,2,2.477544597699653,0.3899898925761733,"AGP, DNA, ER, Mito, RNA",,"DNA, ER, Mito, RNA"
PE,2siteSubSample_Scope1_PE_Bin2_Widefield_1Plane,JUMP-MOA_compound_platemap,CPBroadPhenixNC1PlaneP1,Widefield,3,2.0,2,20,5,1,,,1.0,water,,,2,2.5197415142361104,0.3583887823059312,"DNA, ER, Mito, RNA, WGPhalloidin",,"DNA, ER, Mito, RNA, WGPhalloidin"
PE,2siteSubSample_Scope1_PE_Bin2_Widefield_1Plane,JUMP-MOA_compound_platemap,CPBroadPhenixNC1PlaneP2,Widefield,3,2.0,2,20,5,1,,,1.0,water,,,2,2.4842230220486106,0.3463563151530108,"DNA, ER, Mito, RNA, WGPhalloidin",,"DNA, ER, Mito, RNA, WGPhalloidin"
PE,2siteSubSample_Scope1_PE_Bin2_Widefield_1Plane,JUMP-MOA_compound_platemap,CPBroadPhenixNC1PlaneP3,Widefield,3,2.0,2,20,5,1,,,1.0,water,,,2,2.449872113541667,0.3403115388288124,"DNA, ER, Mito, RNA, WGPhalloidin",,"DNA, ER, Mito, RNA, WGPhalloidin"
PE,2siteSubSample_Scope1_PE_Bin2_Widefield_1Plane,JUMP-MOA_compound_platemap,CPBroadPhenixNC1PlaneP4,Widefield,3,2.0,2,20,5,1,,,1.0,water,,,2,2.4888575682291667,0.3486822561498516,"DNA, ER, Mito, RNA, WGPhalloidin",,"DNA, ER, Mito, RNA, WGPhalloidin"
PE,2siteSubSample_Scope1_PE_Bin2_Widefield_3Plane,JUMP-MOA_compound_platemap,CPBroadPhenixNCP1,Widefield,3,2.0,2,20,5,3,,,1.0,water,,,2,2.4729005588107635,0.320289208912784,"AGP, DNA, ER, Mito, RNA",,"DNA, ER, Mito, RNA"
PE,2siteSubSample_Scope1_PE_Bin2_Widefield_3Plane,JUMP-MOA_compound_platemap,CPBroadPhenixNCP2,Widefield,3,2.0,2,20,5,3,,,1.0,water,,,2,2.446370618706597,0.3065002120595112,"DNA, ER, Mito, RNA, WGPhalloidin",,"DNA, ER, Mito, RNA, WGPhalloidin"
PE,2siteSubSample_Scope1_PE_Bin2_Widefield_3Plane,JUMP-MOA_compound_platemap,CPBroadPhenixNCP3,Widefield,3,2.0,2,20,5,3,,,1.0,water,,,2,2.420489624045139,0.2984912633386465,"DNA, ER, Mito, RNA, WGPhalloidin",,"DNA, ER, Mito, RNA, WGPhalloidin"
PE,2siteSubSample_Scope1_PE_Bin2_Widefield_3Plane,JUMP-MOA_compound_platemap,CPBroadPhenixNCP4,Widefield,3,2.0,2,20,5,3,,,1.0,water,,,2,2.449472850520833,0.3089559138367057,"DNA, ER, Mito, RNA, WGPhalloidin",,"DNA, ER, Mito, RNA, WGPhalloidin"
Yokogawa_Japan,2siteSubSample_Scope1_Yokogawa_Japan_20X,JUMP-MOA_compound_platemap,20201021T092317,Confocal,9,2.0,1,20,5,10,,,0.75,dry,,,2,6.732652407754817,1.4478181011645723,"AGP, DNA, ER, Mito, RNA",,"AGP, DNA, ER, Mito, RNA"
Yokogawa_US,2siteSubSample_Scope1_Yokogawa_US_10X,JUMP-MOA_compound_platemap,BRO0117014_10x,Confocal,4,2.0,1,10,6,12,10,,0.4,dry,yes,,2,8.005537077542556,0.1249062371479002,"AGP, BrightField, DNA, ER, Mito, RNA",Z06,"AGP, BrightField, DNA, ER, Mito, RNA"
Yokogawa_US,2siteSubSample_Scope1_Yokogawa_US_20X_5Ch,JUMP-MOA_compound_platemap,BRO0117033_20xb,Confocal,9,2.0,1,20,5,1,,,1.0,water,no,2.0,2,8.003584569497503,3.321743305600624e-05,"AGP, DNA, ER, Mito, RNA",,"AGP, DNA, ER, Mito, RNA"
Yokogawa_US,2siteSubSample_Scope1_Yokogawa_US_20X_5Ch,JUMP-MOA_compound_platemap,BRO0117056_20x,Confocal,9,2.0,1,20,5,1,,,1.0,water,no,2.0,2,8.003585008849559,4.420621201185514e-05,"AGP, DNA, ER, Mito, RNA",,"AGP, DNA, ER, Mito, RNA"
Yokogawa_US,2siteSubSample_Scope1_Yokogawa_US_20X_5Ch_12Z,JUMP-MOA_compound_platemap,BRO0117056_20xb,Confocal,9,2.0,1,20,5,12,,,1.0,water,no,2.0,2,8.003585008849559,4.420621201185514e-05,"AGP, DNA, ER, Mito, RNA",,"AGP, DNA, ER, Mito, RNA"
Yokogawa_US,2siteSubSample_Scope1_Yokogawa_US_20X_6Ch_BRO0117059,JUMP-MOA_compound_platemap,BRO0117059_20X,Confocal,9,2.0,1,20,6,12,15,,1.0,water,yes,4.0,2,7.954438655328631,0.0005830792119728,"AGP, BrightField, DNA, ER, Mito, RNA",Z08,"AGP, BrightField, DNA, ER, Mito, RNA"
Yokogawa_US,2siteSubSample_Scope1_Yokogawa_US_20X_6Ch_BRO01177034,JUMP-MOA_compound_platemap,BRO01177034_20x,Confocal,9,2.0,1,20,6,12,13,,1.0,water,yes,1.0,2,8.00358409895328,1.3847842933807417e-05,"AGP, BrightField, DNA, ER, Mito, RNA",Z17,"AGP, BrightField, DNA, ER, Mito, RNA"
Yokogawa_US,2siteSubSample_Scope1_Yokogawa_US_40X_BRO0117059,JUMP-MOA_compound_platemap,BRO0117059_40x,Confocal,9,2.0,1,40,6,12,15,,1.0,water,yes,4.0,2,7.971628412838189,0.0802013512075437,"AGP, BrightField, DNA, ER, Mito, RNA",Z08,"AGP, BrightField, DNA, ER, Mito, RNA"
MolDev,3siteSubSample_Scope1_MolDev_10X,JUMP-MOA_compound_platemap,Plate2_PCO_6ch_4site_10XPA,Confocal,4,3.0,1,10,6,1,,no,0.45,dry,,,3,52.47633350846427,0.0001442278122525,"Actin, DNA, ER, Golgi, Mito, RNA",,"Actin, DNA, ER, Golgi, Mito, RNA"
MolDev,3siteSubSample_Scope1_MolDev_10X,JUMP-MOA_compound_platemap,Plate3_PCO_6ch_4site_10XPA_Crest,Confocal,4,3.0,1,10,6,1,,yes,0.45,dry,,,3,52.47651426861264,0.0001832662332974,"Actin, DNA, ER, Golgi, Mito, RNA",,"Actin, DNA, ER, Golgi, Mito, RNA"
MolDev,3siteSubSample_Scope1_MolDev_10X_4siteZ,JUMP-MOA_compound_platemap,Plate3_PCO_6ch_4site_10XPA_Crestz,Confocal,4,3.0,1,10,6,3,,yes,0.45,dry,,,3,52.47663138845419,0.0001418825539195,"Actin, DNA, ER, Golgi, Mito, RNA",,"Actin, DNA, ER, Golgi, Mito, RNA"
MolDev,3siteSubSample_Scope1_MolDev_20X_4site,JUMP-MOA_compound_platemap,Plate3_PCO_6ch_4site_20XPA_Crestz,Confocal,4,3.0,1,20,6,3,,yes,0.75,dry,,,3,52.476629335720496,0.0001144565992287,"Actin, DNA, ER, Golgi, Mito, RNA",,"Actin, DNA, ER, Golgi, Mito, RNA"
MolDev,3siteSubSample_Scope1_MolDev_20X_9site,JUMP-MOA_compound_platemap,Plate2_PCO_6ch_9site_20XPA,Confocal,9,3.0,1,20,6,1,,no,0.75,dry,,,3,52.47633408863811,0.0001533901215815,"Actin, DNA, ER, Golgi, Mito, RNA",,"Actin, DNA, ER, Golgi, Mito, RNA"
MolDev,3siteSubSample_Scope1_MolDev_20X_9site,JUMP-MOA_compound_platemap,Plate3_PCO_6ch_9site_20XPA_Crest,Confocal,9,3.0,1,20,6,1,,yes,0.75,dry,,,3,52.476410701871146,0.0001143807788651,"Actin, DNA, ER, Golgi, Mito, RNA",,"Actin, DNA, ER, Golgi, Mito, RNA"
Nikon,3siteSubSample_Scope1_Nikon_20X,JUMP-MOA_compound_platemap,BR00117061a,Widefield,9,3.0,1,20,4,1,,,0.75,dry,,,3,9.872705523809524,27.71715325897701,"AGP, DNA, ER, Mito",,"AGP, DNA, ER, Mito"
Nikon,3siteSubSample_Scope1_Nikon_20X,JUMP-MOA_compound_platemap,BR00117062a,Widefield,9,3.0,1,20,4,1,,,0.75,dry,,,3,9.874534885786955,27.72811646838089,"AGP, DNA, ER, Mito",,"AGP, DNA, ER, Mito"
Nikon,3siteSubSample_Scope1_Nikon_20X,JUMP-MOA_compound_platemap,BR00117063b,Widefield,9,3.0,1,20,4,1,,,0.75,dry,,,3,9.873193142857142,27.72026359490857,"AGP, DNA, ER, Mito",,"AGP, DNA, ER, Mito"
Yokogawa_Japan,3siteSubSample_Scope1_Yokogawa_Japan_20X,JUMP-MOA_compound_platemap,20201021T092317,Confocal,9,3.0,1,20,5,10,,,0.75,dry,,,3,6.732652407754817,1.4478181011645723,"AGP, DNA, ER, Mito, RNA",,"AGP, DNA, ER, Mito, RNA"
Yokogawa_US,3siteSubSample_Scope1_Yokogawa_US_10X,JUMP-MOA_compound_platemap,BRO0117014_10x,Confocal,4,3.0,1,10,6,12,10,,0.4,dry,yes,,3,8.005537077542556,0.1249062371479002,"AGP, BrightField, DNA, ER, Mito, RNA",Z06,"AGP, BrightField, DNA, ER, Mito, RNA"
Yokogawa_US,3siteSubSample_Scope1_Yokogawa_US_20X_5Ch,JUMP-MOA_compound_platemap,BRO0117033_20xb,Confocal,9,3.0,1,20,5,1,,,1.0,water,no,2.0,3,8.003584569497503,3.321743305600624e-05,"AGP, DNA, ER, Mito, RNA",,"AGP, DNA, ER, Mito, RNA"
Yokogawa_US,3siteSubSample_Scope1_Yokogawa_US_20X_5Ch,JUMP-MOA_compound_platemap,BRO0117056_20x,Confocal,9,3.0,1,20,5,1,,,1.0,water,no,2.0,3,8.003585008849559,4.420621201185514e-05,"AGP, DNA, ER, Mito, RNA",,"AGP, DNA, ER, Mito, RNA"
Yokogawa_US,3siteSubSample_Scope1_Yokogawa_US_20X_5Ch_12Z,JUMP-MOA_compound_platemap,BRO0117056_20xb,Confocal,9,3.0,1,20,5,12,,,1.0,water,no,2.0,3,8.003585008849559,4.420621201185514e-05,"AGP, DNA, ER, Mito, RNA",,"AGP, DNA, ER, Mito, RNA"
Yokogawa_US,3siteSubSample_Scope1_Yokogawa_US_20X_6Ch_BRO0117059,JUMP-MOA_compound_platemap,BRO0117059_20X,Confocal,9,3.0,1,20,6,12,15,,1.0,water,yes,4.0,3,7.954438655328631,0.0005830792119728,"AGP, BrightField, DNA, ER, Mito, RNA",Z08,"AGP, BrightField, DNA, ER, Mito, RNA"
Yokogawa_US,3siteSubSample_Scope1_Yokogawa_US_20X_6Ch_BRO01177034,JUMP-MOA_compound_platemap,BRO01177034_20x,Confocal,9,3.0,1,20,6,12,13,,1.0,water,yes,1.0,3,8.00358409895328,1.3847842933807417e-05,"AGP, BrightField, DNA, ER, Mito, RNA",Z17,"AGP, BrightField, DNA, ER, Mito, RNA"
Yokogawa_US,3siteSubSample_Scope1_Yokogawa_US_40X_BRO0117059,JUMP-MOA_compound_platemap,BRO0117059_40x,Confocal,9,3.0,1,40,6,12,15,,1.0,water,yes,4.0,3,7.971628412838189,0.0802013512075437,"AGP, BrightField, DNA, ER, Mito, RNA",Z08,"AGP, BrightField, DNA, ER, Mito, RNA"
MolDev,4siteSubSample_Scope1_MolDev_20X_9site,JUMP-MOA_compound_platemap,Plate2_PCO_6ch_9site_20XPA,Confocal,9,4.0,1,20,6,1,,no,0.75,dry,,,4,52.47633408863811,0.0001533901215815,"Actin, DNA, ER, Golgi, Mito, RNA",,"Actin, DNA, ER, Golgi, Mito, RNA"
MolDev,4siteSubSample_Scope1_MolDev_20X_9site,JUMP-MOA_compound_platemap,Plate3_PCO_6ch_9site_20XPA_Crest,Confocal,9,4.0,1,20,6,1,,yes,0.75,dry,,,4,52.476410701871146,0.0001143807788651,"Actin, DNA, ER, Golgi, Mito, RNA",,"Actin, DNA, ER, Golgi, Mito, RNA"
Nikon,4siteSubSample_Scope1_Nikon_20X,JUMP-MOA_compound_platemap,BR00117061a,Widefield,9,4.0,1,20,4,1,,,0.75,dry,,,4,9.872705523809524,27.71715325897701,"AGP, DNA, ER, Mito",,"AGP, DNA, ER, Mito"
Nikon,4siteSubSample_Scope1_Nikon_20X,JUMP-MOA_compound_platemap,BR00117062a,Widefield,9,4.0,1,20,4,1,,,0.75,dry,,,4,9.874534885786955,27.72811646838089,"AGP, DNA, ER, Mito",,"AGP, DNA, ER, Mito"
Nikon,4siteSubSample_Scope1_Nikon_20X,JUMP-MOA_compound_platemap,BR00117063b,Widefield,9,4.0,1,20,4,1,,,0.75,dry,,,4,9.873193142857142,27.72026359490857,"AGP, DNA, ER, Mito",,"AGP, DNA, ER, Mito"
Yokogawa_Japan,4siteSubSample_Scope1_Yokogawa_Japan_20X,JUMP-MOA_compound_platemap,20201021T092317,Confocal,9,4.0,1,20,5,10,,,0.75,dry,,,4,6.732652407754817,1.4478181011645723,"AGP, DNA, ER, Mito, RNA",,"AGP, DNA, ER, Mito, RNA"
Yokogawa_US,4siteSubSample_Scope1_Yokogawa_US_20X_5Ch,JUMP-MOA_compound_platemap,BRO0117033_20xb,Confocal,9,4.0,1,20,5,1,,,1.0,water,no,2.0,4,8.003584569497503,3.321743305600624e-05,"AGP, DNA, ER, Mito, RNA",,"AGP, DNA, ER, Mito, RNA"
Yokogawa_US,4siteSubSample_Scope1_Yokogawa_US_20X_5Ch,JUMP-MOA_compound_platemap,BRO0117056_20x,Confocal,9,4.0,1,20,5,1,,,1.0,water,no,2.0,4,8.003585008849559,4.420621201185514e-05,"AGP, DNA, ER, Mito, RNA",,"AGP, DNA, ER, Mito, RNA"
Yokogawa_US,4siteSubSample_Scope1_Yokogawa_US_20X_5Ch_12Z,JUMP-MOA_compound_platemap,BRO0117056_20xb,Confocal,9,4.0,1,20,5,12,,,1.0,water,no,2.0,4,8.003585008849559,4.420621201185514e-05,"AGP, DNA, ER, Mito, RNA",,"AGP, DNA, ER, Mito, RNA"
Yokogawa_US,4siteSubSample_Scope1_Yokogawa_US_20X_6Ch_BRO0117059,JUMP-MOA_compound_platemap,BRO0117059_20X,Confocal,9,4.0,1,20,6,12,15,,1.0,water,yes,4.0,4,7.954438655328631,0.0005830792119728,"AGP, BrightField, DNA, ER, Mito, RNA",Z08,"AGP, BrightField, DNA, ER, Mito, RNA"
Yokogawa_US,4siteSubSample_Scope1_Yokogawa_US_20X_6Ch_BRO01177034,JUMP-MOA_compound_platemap,BRO01177034_20x,Confocal,9,4.0,1,20,6,12,13,,1.0,water,yes,1.0,4,8.00358409895328,1.3847842933807417e-05,"AGP, BrightField, DNA, ER, Mito, RNA",Z17,"AGP, BrightField, DNA, ER, Mito, RNA"
Yokogawa_US,4siteSubSample_Scope1_Yokogawa_US_40X_BRO0117059,JUMP-MOA_compound_platemap,BRO0117059_40x,Confocal,9,4.0,1,40,6,12,15,,1.0,water,yes,4.0,4,7.971628412838189,0.0802013512075437,"AGP, BrightField, DNA, ER, Mito, RNA",Z08,"AGP, BrightField, DNA, ER, Mito, RNA"
