,Vendor,Batch,Assay_Plate_Barcode,sphering,Percent_Replicating,value_95_replicating,Plate_Map_Name,Modality,Images_per_well,Sites-SubSampled,Binning,Magnification,Number_of_channels,z_plane,BF_Zplanes,Anomaly,Unnamed: 0,spinning-disc,aperture,dry-immersion,vs-brightfield,simultaneous-excitation,sites,Percent_Matching,value_95_matching,cell_count
0,MolDev,1siteSubSample_Scope1_MolDev_10X,Plate2_PCO_6ch_4site_10XPA,True,47.77777777777778,0.1342798323804142,JUMP-MOA_compound_platemap,Confocal,4,1.0,1,10,6,1,,none,,,,,,,1.0,18.6046511627907,0.1725716842256816,511430
1,MolDev,1siteSubSample_Scope1_MolDev_10X,Plate2_PCO_6ch_4site_10XPA,False,17.77777777777778,0.3893058017792297,JUMP-MOA_compound_platemap,Confocal,4,1.0,1,10,6,1,,none,,,,,,,1.0,9.30232558139535,0.2324321063652799,511430
2,MolDev,1siteSubSample_Scope1_MolDev_10X,Plate3_PCO_6ch_4site_10XPA_Crest,True,56.66666666666666,0.1727267768792255,JUMP-MOA_compound_platemap,Confocal,4,1.0,1,10,6,1,,none,,,,,,,1.0,18.6046511627907,0.2442857445452665,617546
3,MolDev,1siteSubSample_Scope1_MolDev_10X,Plate3_PCO_6ch_4site_10XPA_Crest,False,23.33333333333333,0.4863755183027814,JUMP-MOA_compound_platemap,Confocal,4,1.0,1,10,6,1,,none,,,,,,,1.0,13.953488372093023,0.3594181059413017,617546
4,MolDev,1siteSubSample_Scope1_MolDev_10X_4siteZ,Plate3_PCO_6ch_4site_10XPA_Crestz,True,62.22222222222222,0.1718482939313608,JUMP-MOA_compound_platemap,Confocal,4,1.0,1,10,6,1,,none,,,,,,,1.0,20.930232558139537,0.2767540165825174,608864
5,MolDev,1siteSubSample_Scope1_MolDev_10X_4siteZ,Plate3_PCO_6ch_4site_10XPA_Crestz,False,20.0,0.6724984196140927,JUMP-MOA_compound_platemap,Confocal,4,1.0,1,10,6,1,,none,,,,,,,1.0,4.651162790697675,0.6775475471560529,608864
6,MolDev,1siteSubSample_Scope1_MolDev_20X_4site,Plate3_PCO_6ch_4site_20XPA_Crestz,True,54.44444444444444,0.1523687440441975,JUMP-MOA_compound_platemap,Confocal,4,1.0,1,20,6,1,,none,,,,,,,1.0,18.6046511627907,0.208124075511018,132155
7,MolDev,1siteSubSample_Scope1_MolDev_20X_4site,Plate3_PCO_6ch_4site_20XPA_Crestz,False,35.55555555555556,0.3162403859851161,JUMP-MOA_compound_platemap,Confocal,4,1.0,1,20,6,1,,none,,,,,,,1.0,18.6046511627907,0.3097787918405943,132155
8,MolDev,1siteSubSample_Scope1_MolDev_20X_9site,Plate2_PCO_6ch_9site_20XPA,True,51.11111111111111,0.1799952913620562,JUMP-MOA_compound_platemap,Confocal,9,1.0,1,20,6,1,,none,,,,,,,1.0,13.953488372093023,0.2123308527808627,137083
9,MolDev,1siteSubSample_Scope1_MolDev_20X_9site,Plate2_PCO_6ch_9site_20XPA,False,25.555555555555557,0.4106268563025836,JUMP-MOA_compound_platemap,Confocal,9,1.0,1,20,6,1,,none,,,,,,,1.0,9.30232558139535,0.2344494450107594,137083
10,MolDev,1siteSubSample_Scope1_MolDev_20X_9site,Plate3_PCO_6ch_9site_20XPA_Crest,True,54.44444444444444,0.151913090568448,JUMP-MOA_compound_platemap,Confocal,9,1.0,1,20,6,1,,none,,,,,,,1.0,18.6046511627907,0.2000669976851406,146416
11,MolDev,1siteSubSample_Scope1_MolDev_20X_9site,Plate3_PCO_6ch_9site_20XPA_Crest,False,17.77777777777778,0.5620762682251788,JUMP-MOA_compound_platemap,Confocal,9,1.0,1,20,6,1,,none,,,,,,,1.0,6.976744186046512,0.6912319313155731,146416
12,Nikon,1siteSubSample_Scope1_Nikon_20X,BR00117061a,True,55.55555555555556,0.1897080319895041,JUMP-MOA_compound_platemap,Widefield,9,1.0,1,20,4,3,,none,,,,,,,1.0,16.27906976744186,0.2882416100131931,249089
13,Nikon,1siteSubSample_Scope1_Nikon_20X,BR00117061a,False,43.333333333333336,0.2921692570846743,JUMP-MOA_compound_platemap,Widefield,9,1.0,1,20,4,3,,none,,,,,,,1.0,18.6046511627907,0.3599742599964762,249089
14,Nikon,1siteSubSample_Scope1_Nikon_20X,BR00117062a,True,43.333333333333336,0.1570783433291615,JUMP-MOA_compound_platemap,Widefield,9,1.0,1,20,4,3,,none,,,,,,,1.0,20.930232558139537,0.1990570412119467,251168
15,Nikon,1siteSubSample_Scope1_Nikon_20X,BR00117062a,False,41.11111111111111,0.3004133406316667,JUMP-MOA_compound_platemap,Widefield,9,1.0,1,20,4,3,,none,,,,,,,1.0,16.27906976744186,0.2939141852917162,251168
16,Nikon,1siteSubSample_Scope1_Nikon_20X,BR00117063b,True,43.333333333333336,0.1779126172373515,JUMP-MOA_compound_platemap,Widefield,9,1.0,1,20,4,3,,none,,,,,,,1.0,13.953488372093023,0.2006707003780802,247467
17,Nikon,1siteSubSample_Scope1_Nikon_20X,BR00117063b,False,33.33333333333333,0.3956905724297197,JUMP-MOA_compound_platemap,Widefield,9,1.0,1,20,4,3,,none,,,,,,,1.0,9.30232558139535,0.3937364800205403,247467
18,PE,1siteSubSample_Scope1_PE_Bin1_Confocal_1Plane,CP_Broad_Phenix_C_BIN1_1Plane_P1,True,53.333333333333336,0.1672544210151515,JUMP-MOA_compound_platemap,Confocal,3,1.0,1,20,5,3,,none,,,,,,,1.0,13.953488372093023,0.2295559932606765,118366
19,PE,1siteSubSample_Scope1_PE_Bin1_Confocal_1Plane,CP_Broad_Phenix_C_BIN1_1Plane_P1,False,41.11111111111111,0.3569177576308812,JUMP-MOA_compound_platemap,Confocal,3,1.0,1,20,5,3,,none,,,,,,,1.0,11.627906976744184,0.3794961548087595,118366
20,PE,1siteSubSample_Scope1_PE_Bin1_Confocal_1Plane,CP_Broad_Phenix_C_BIN1_1Plane_P2,True,54.44444444444444,0.1545466080888422,JUMP-MOA_compound_platemap,Confocal,3,1.0,1,20,5,3,,none,,,,,,,1.0,18.6046511627907,0.1915746660137375,121803
21,PE,1siteSubSample_Scope1_PE_Bin1_Confocal_1Plane,CP_Broad_Phenix_C_BIN1_1Plane_P2,False,38.88888888888889,0.3925540203531026,JUMP-MOA_compound_platemap,Confocal,3,1.0,1,20,5,3,,none,,,,,,,1.0,16.27906976744186,0.3899610290698539,121803
22,PE,1siteSubSample_Scope1_PE_Bin1_Confocal_1Plane,CP_Broad_Phenix_C_BIN1_1Plane_P3,True,50.0,0.1505854767441346,JUMP-MOA_compound_platemap,Confocal,3,1.0,1,20,5,3,,none,,,,,,,1.0,16.27906976744186,0.2197465205261023,120897
23,PE,1siteSubSample_Scope1_PE_Bin1_Confocal_1Plane,CP_Broad_Phenix_C_BIN1_1Plane_P3,False,37.77777777777778,0.4759072660771031,JUMP-MOA_compound_platemap,Confocal,3,1.0,1,20,5,3,,none,,,,,,,1.0,11.627906976744184,0.4621477045177705,120897
24,PE,1siteSubSample_Scope1_PE_Bin1_Confocal_1Plane,CP_Broad_Phenix_C_BIN1_1Plane_P4,True,52.22222222222223,0.1650826245014005,JUMP-MOA_compound_platemap,Confocal,3,1.0,1,20,5,1,,none,,,,,,,1.0,18.6046511627907,0.225271739756118,122580
25,PE,1siteSubSample_Scope1_PE_Bin1_Confocal_1Plane,CP_Broad_Phenix_C_BIN1_1Plane_P4,False,32.22222222222222,0.431472855465223,JUMP-MOA_compound_platemap,Confocal,3,1.0,1,20,5,1,,none,,,,,,,1.0,20.930232558139537,0.4779922843929752,122580
26,PE,1siteSubSample_Scope1_PE_Bin1_Confocal_3Plane,CP_Broad_Phenix_C_BIN1_P1,True,57.77777777777777,0.1689887247631135,JUMP-MOA_compound_platemap,Confocal,3,1.0,1,20,5,1,,none,,,,,,,1.0,13.953488372093023,0.2391277117043335,118403
27,PE,1siteSubSample_Scope1_PE_Bin1_Confocal_3Plane,CP_Broad_Phenix_C_BIN1_P1,False,26.666666666666668,0.5763467767444524,JUMP-MOA_compound_platemap,Confocal,3,1.0,1,20,5,1,,none,,,,,,,1.0,4.651162790697675,0.6584215878502362,118403
28,PE,1siteSubSample_Scope1_PE_Bin1_Confocal_3Plane,CP_Broad_Phenix_C_BIN1_P2,True,55.55555555555556,0.1542870023974729,JUMP-MOA_compound_platemap,Confocal,3,1.0,1,20,5,1,,none,,,,,,,1.0,18.6046511627907,0.2004834468710414,121765
29,PE,1siteSubSample_Scope1_PE_Bin1_Confocal_3Plane,CP_Broad_Phenix_C_BIN1_P2,False,16.666666666666664,0.7049470693807616,JUMP-MOA_compound_platemap,Confocal,3,1.0,1,20,5,1,,none,,,,,,,1.0,6.976744186046512,0.8498427453943835,121765
30,PE,1siteSubSample_Scope1_PE_Bin1_Confocal_3Plane,CP_Broad_Phenix_C_BIN1_P3,True,52.22222222222223,0.1522341017413387,JUMP-MOA_compound_platemap,Confocal,3,1.0,1,20,5,1,,none,,,,,,,1.0,16.27906976744186,0.2201469539364474,120942
31,PE,1siteSubSample_Scope1_PE_Bin1_Confocal_3Plane,CP_Broad_Phenix_C_BIN1_P3,False,37.77777777777778,0.3757640505169953,JUMP-MOA_compound_platemap,Confocal,3,1.0,1,20,5,1,,none,,,,,,,1.0,13.953488372093023,0.3563583637581454,120942
32,PE,1siteSubSample_Scope1_PE_Bin1_Confocal_3Plane,CP_Broad_Phenix_C_BIN1_P4,True,51.11111111111111,0.170735584241355,JUMP-MOA_compound_platemap,Confocal,3,1.0,1,20,5,1,,none,,,,,,,1.0,25.58139534883721,0.2256409585771452,122600
33,PE,1siteSubSample_Scope1_PE_Bin1_Confocal_3Plane,CP_Broad_Phenix_C_BIN1_P4,False,34.44444444444444,0.4275011552971247,JUMP-MOA_compound_platemap,Confocal,3,1.0,1,20,5,1,,none,,,,,,,1.0,9.30232558139535,0.4276850470685134,122600
34,PE,1siteSubSample_Scope1_PE_Bin1_Widefield_1Plane,CP_Broad_Phenix_NC_BIN1_1Plane_P1,True,56.66666666666666,0.1554729124500939,JUMP-MOA_compound_platemap,Widefield,3,1.0,1,20,5,1,,none,,,,,,,1.0,16.27906976744186,0.2141620999463942,116849
35,PE,1siteSubSample_Scope1_PE_Bin1_Widefield_1Plane,CP_Broad_Phenix_NC_BIN1_1Plane_P1,False,13.333333333333334,0.996158186830702,JUMP-MOA_compound_platemap,Widefield,3,1.0,1,20,5,1,,none,,,,,,,1.0,4.651162790697675,0.997020486111178,116849
36,PE,1siteSubSample_Scope1_PE_Bin1_Widefield_1Plane,CP_Broad_Phenix_NC_BIN1_1Plane_P2,True,58.88888888888889,0.1492353978390735,JUMP-MOA_compound_platemap,Widefield,3,1.0,1,20,5,1,,none,,,,,,,1.0,23.25581395348837,0.1909279790448468,119891
37,PE,1siteSubSample_Scope1_PE_Bin1_Widefield_1Plane,CP_Broad_Phenix_NC_BIN1_1Plane_P2,False,25.555555555555557,0.4423873920516446,JUMP-MOA_compound_platemap,Widefield,3,1.0,1,20,5,1,,none,,,,,,,1.0,13.953488372093023,0.3799831252175638,119891
38,PE,1siteSubSample_Scope1_PE_Bin1_Widefield_1Plane,CP_Broad_Phenix_NC_BIN1_1Plane_P3,True,54.44444444444444,0.1706140394208772,JUMP-MOA_compound_platemap,Widefield,3,1.0,1,20,5,1,,none,,,,,,,1.0,18.6046511627907,0.2269751067816032,119069
39,PE,1siteSubSample_Scope1_PE_Bin1_Widefield_1Plane,CP_Broad_Phenix_NC_BIN1_1Plane_P3,False,8.88888888888889,0.9980245625449744,JUMP-MOA_compound_platemap,Widefield,3,1.0,1,20,5,1,,none,,,,,,,1.0,4.651162790697675,0.998515596635772,119069
40,PE,1siteSubSample_Scope1_PE_Bin1_Widefield_1Plane,CP_Broad_Phenix_NC_BIN1_1Plane_P4,True,53.333333333333336,0.1630383921528545,JUMP-MOA_compound_platemap,Widefield,3,1.0,1,20,5,1,,none,,,,,,,1.0,18.6046511627907,0.2208848885044044,120286
41,PE,1siteSubSample_Scope1_PE_Bin1_Widefield_1Plane,CP_Broad_Phenix_NC_BIN1_1Plane_P4,False,13.333333333333334,0.9893162820656805,JUMP-MOA_compound_platemap,Widefield,3,1.0,1,20,5,1,,none,,,,,,,1.0,9.30232558139535,0.9996193343679032,120286
42,PE,1siteSubSample_Scope1_PE_Bin1_Widefield_3Plane,CP_Broad_Phenix_NC_BIN1_P1,True,54.44444444444444,0.1572929034497872,JUMP-MOA_compound_platemap,Widefield,3,1.0,1,20,5,1,,none,,,,,,,1.0,13.953488372093023,0.2328107382166478,115917
43,PE,1siteSubSample_Scope1_PE_Bin1_Widefield_3Plane,CP_Broad_Phenix_NC_BIN1_P1,False,11.11111111111111,0.9802312779027448,JUMP-MOA_compound_platemap,Widefield,3,1.0,1,20,5,1,,none,,,,,,,1.0,6.976744186046512,0.9897636801681812,115917
44,PE,1siteSubSample_Scope1_PE_Bin1_Widefield_3Plane,CP_Broad_Phenix_NC_BIN1_P2,True,58.88888888888889,0.1475725714419829,JUMP-MOA_compound_platemap,Widefield,3,1.0,1,20,5,1,,none,,,,,,,1.0,16.27906976744186,0.2087079569076315,119183
45,PE,1siteSubSample_Scope1_PE_Bin1_Widefield_3Plane,CP_Broad_Phenix_NC_BIN1_P2,False,10.0,0.9630634468145848,JUMP-MOA_compound_platemap,Widefield,3,1.0,1,20,5,1,,none,,,,,,,1.0,6.976744186046512,0.973914858830614,119183
46,PE,1siteSubSample_Scope1_PE_Bin1_Widefield_3Plane,CP_Broad_Phenix_NC_BIN1_P3,True,52.22222222222223,0.1637054407814506,JUMP-MOA_compound_platemap,Widefield,3,1.0,1,20,5,1,,none,,,,,,,1.0,16.27906976744186,0.2119470303106368,118130
47,PE,1siteSubSample_Scope1_PE_Bin1_Widefield_3Plane,CP_Broad_Phenix_NC_BIN1_P3,False,6.666666666666667,0.9956221520130334,JUMP-MOA_compound_platemap,Widefield,3,1.0,1,20,5,1,,none,,,,,,,1.0,2.3255813953488373,0.9953154108866088,118130
48,PE,1siteSubSample_Scope1_PE_Bin1_Widefield_3Plane,CP_Broad_Phenix_NC_BIN1_P4,True,58.88888888888889,0.1572254899472978,JUMP-MOA_compound_platemap,Widefield,3,1.0,1,20,5,1,,none,,,,,,,1.0,18.6046511627907,0.2151988945648355,119331
49,PE,1siteSubSample_Scope1_PE_Bin1_Widefield_3Plane,CP_Broad_Phenix_NC_BIN1_P4,False,11.11111111111111,0.8993840331212588,JUMP-MOA_compound_platemap,Widefield,3,1.0,1,20,5,1,,none,,,,,,,1.0,6.976744186046512,0.9231609753955436,119331
50,PE,1siteSubSample_Scope1_PE_Bin2_Confocal_1Plane,CPBroadPhenixC1PlaneP1,True,53.333333333333336,0.1500010151014372,JUMP-MOA_compound_platemap,Confocal,3,1.0,2,20,5,1,,none,,,,,,,1.0,18.6046511627907,0.2171051639663308,114570
51,PE,1siteSubSample_Scope1_PE_Bin2_Confocal_1Plane,CPBroadPhenixC1PlaneP1,False,45.55555555555556,0.25175963254936,JUMP-MOA_compound_platemap,Confocal,3,1.0,2,20,5,1,,none,,,,,,,1.0,18.6046511627907,0.2920829501941222,114570
52,PE,1siteSubSample_Scope1_PE_Bin2_Confocal_1Plane,CPBroadPhenixC1PlaneP2,True,52.22222222222223,0.1514160228765078,JUMP-MOA_compound_platemap,Confocal,3,1.0,2,20,5,1,,none,,,,,,,1.0,16.27906976744186,0.202316720301195,117449
53,PE,1siteSubSample_Scope1_PE_Bin2_Confocal_1Plane,CPBroadPhenixC1PlaneP2,False,42.22222222222222,0.2785681468624335,JUMP-MOA_compound_platemap,Confocal,3,1.0,2,20,5,1,,none,,,,,,,1.0,18.6046511627907,0.3011312073769645,117449
54,PE,1siteSubSample_Scope1_PE_Bin2_Confocal_1Plane,CPBroadPhenixC1PlaneP3,True,54.44444444444444,0.1665742365820299,JUMP-MOA_compound_platemap,Confocal,3,1.0,2,20,5,1,,none,,,,,,,1.0,16.27906976744186,0.2402097198969797,117256
55,PE,1siteSubSample_Scope1_PE_Bin2_Confocal_1Plane,CPBroadPhenixC1PlaneP3,False,44.44444444444444,0.3150791489103746,JUMP-MOA_compound_platemap,Confocal,3,1.0,2,20,5,1,,none,,,,,,,1.0,13.953488372093023,0.3666263810261416,117256
56,PE,1siteSubSample_Scope1_PE_Bin2_Confocal_1Plane,CPBroadPhenixC1PlaneP4,True,53.333333333333336,0.1781776197699561,JUMP-MOA_compound_platemap,Confocal,3,1.0,2,20,5,1,,none,,,,,,,1.0,20.930232558139537,0.2515728040096426,118483
57,PE,1siteSubSample_Scope1_PE_Bin2_Confocal_1Plane,CPBroadPhenixC1PlaneP4,False,35.55555555555556,0.343805298972811,JUMP-MOA_compound_platemap,Confocal,3,1.0,2,20,5,1,,none,,,,,,,1.0,16.27906976744186,0.3475704455003802,118483
58,PE,1siteSubSample_Scope1_PE_Bin2_Confocal_3Plane,CPBroadPhenixCP1,True,55.55555555555556,0.1521811667650468,JUMP-MOA_compound_platemap,Confocal,3,1.0,2,20,5,1,,none,,,,,,,1.0,18.6046511627907,0.2280491037368903,114632
59,PE,1siteSubSample_Scope1_PE_Bin2_Confocal_3Plane,CPBroadPhenixCP1,False,48.888888888888886,0.2501138912894962,JUMP-MOA_compound_platemap,Confocal,3,1.0,2,20,5,1,,none,,,,,,,1.0,16.27906976744186,0.3091573088800727,114632
60,PE,1siteSubSample_Scope1_PE_Bin2_Confocal_3Plane,CPBroadPhenixCP2,True,53.333333333333336,0.158229680547031,JUMP-MOA_compound_platemap,Confocal,3,1.0,2,20,5,1,,none,,,,,,,1.0,13.953488372093023,0.2182851846684695,117413
61,PE,1siteSubSample_Scope1_PE_Bin2_Confocal_3Plane,CPBroadPhenixCP2,False,6.666666666666667,0.9999947532644962,JUMP-MOA_compound_platemap,Confocal,3,1.0,2,20,5,1,,none,,,,,,,1.0,2.3255813953488373,0.99999591815379,117413
62,PE,1siteSubSample_Scope1_PE_Bin2_Confocal_3Plane,CPBroadPhenixCP3,True,54.44444444444444,0.168673322322292,JUMP-MOA_compound_platemap,Confocal,3,1.0,2,20,5,1,,none,,,,,,,1.0,18.6046511627907,0.2390136308391199,116004
63,PE,1siteSubSample_Scope1_PE_Bin2_Confocal_3Plane,CPBroadPhenixCP3,False,12.22222222222222,0.9999999366776804,JUMP-MOA_compound_platemap,Confocal,3,1.0,2,20,5,1,,none,,,,,,,1.0,2.3255813953488373,0.999999970109219,116004
64,PE,1siteSubSample_Scope1_PE_Bin2_Confocal_3Plane,CPBroadPhenixCP4,True,58.88888888888889,0.1627947005571123,JUMP-MOA_compound_platemap,Confocal,3,1.0,2,20,5,1,,none,,,,,,,1.0,16.27906976744186,0.2324510258596447,117165
65,PE,1siteSubSample_Scope1_PE_Bin2_Confocal_3Plane,CPBroadPhenixCP4,False,13.333333333333334,0.9999926799183468,JUMP-MOA_compound_platemap,Confocal,3,1.0,2,20,5,1,,none,,,,,,,1.0,2.3255813953488373,0.9999982132487684,117165
66,PE,1siteSubSample_Scope1_PE_Bin2_Widefield_1Plane,CPBroadPhenixNC1PlaneP1,True,57.77777777777777,0.1604939102938882,JUMP-MOA_compound_platemap,Widefield,3,1.0,2,20,5,1,,none,,,,,,,1.0,16.27906976744186,0.2414259437513443,113407
67,PE,1siteSubSample_Scope1_PE_Bin2_Widefield_1Plane,CPBroadPhenixNC1PlaneP1,False,42.22222222222222,0.2700378905614805,JUMP-MOA_compound_platemap,Widefield,3,1.0,2,20,5,1,,none,,,,,,,1.0,11.627906976744184,0.3190678941008142,113407
68,PE,1siteSubSample_Scope1_PE_Bin2_Widefield_1Plane,CPBroadPhenixNC1PlaneP2,True,55.55555555555556,0.1549564898112643,JUMP-MOA_compound_platemap,Widefield,3,1.0,2,20,5,1,,none,,,,,,,1.0,16.27906976744186,0.2126444884870464,116253
69,PE,1siteSubSample_Scope1_PE_Bin2_Widefield_1Plane,CPBroadPhenixNC1PlaneP2,False,46.66666666666666,0.2891581149011645,JUMP-MOA_compound_platemap,Widefield,3,1.0,2,20,5,1,,none,,,,,,,1.0,16.27906976744186,0.3209921649386628,116253
70,PE,1siteSubSample_Scope1_PE_Bin2_Widefield_1Plane,CPBroadPhenixNC1PlaneP3,True,53.333333333333336,0.1701360290391061,JUMP-MOA_compound_platemap,Widefield,3,1.0,2,20,5,1,,none,,,,,,,1.0,13.953488372093023,0.2404157201446289,115489
71,PE,1siteSubSample_Scope1_PE_Bin2_Widefield_1Plane,CPBroadPhenixNC1PlaneP3,False,14.444444444444445,0.6787594001236478,JUMP-MOA_compound_platemap,Widefield,3,1.0,2,20,5,1,,none,,,,,,,1.0,9.30232558139535,0.6533282628030443,115489
72,PE,1siteSubSample_Scope1_PE_Bin2_Widefield_1Plane,CPBroadPhenixNC1PlaneP4,True,55.55555555555556,0.167174514026357,JUMP-MOA_compound_platemap,Widefield,3,1.0,2,20,5,1,,none,,,,,,,1.0,18.6046511627907,0.2237953547786573,116462
73,PE,1siteSubSample_Scope1_PE_Bin2_Widefield_1Plane,CPBroadPhenixNC1PlaneP4,False,48.888888888888886,0.3022998648806356,JUMP-MOA_compound_platemap,Widefield,3,1.0,2,20,5,1,,none,,,,,,,1.0,18.6046511627907,0.3315959189782123,116462
74,PE,1siteSubSample_Scope1_PE_Bin2_Widefield_3Plane,CPBroadPhenixNCP1,True,54.44444444444444,0.16425719620759,JUMP-MOA_compound_platemap,Widefield,3,1.0,2,20,5,1,,none,,,,,,,1.0,16.27906976744186,0.225518125713037,113150
75,PE,1siteSubSample_Scope1_PE_Bin2_Widefield_3Plane,CPBroadPhenixNCP1,False,44.44444444444444,0.2697977322536743,JUMP-MOA_compound_platemap,Widefield,3,1.0,2,20,5,1,,none,,,,,,,1.0,13.953488372093023,0.3454119837217611,113150
76,PE,1siteSubSample_Scope1_PE_Bin2_Widefield_3Plane,CPBroadPhenixNCP2,True,57.77777777777777,0.1488955392388904,JUMP-MOA_compound_platemap,Widefield,3,1.0,2,20,5,1,,none,,,,,,,1.0,20.930232558139537,0.2036483048655021,115572
77,PE,1siteSubSample_Scope1_PE_Bin2_Widefield_3Plane,CPBroadPhenixNCP2,False,46.66666666666666,0.291658532252315,JUMP-MOA_compound_platemap,Widefield,3,1.0,2,20,5,1,,none,,,,,,,1.0,18.6046511627907,0.331344797924813,115572
78,PE,1siteSubSample_Scope1_PE_Bin2_Widefield_3Plane,CPBroadPhenixNCP3,True,54.44444444444444,0.159915814599266,JUMP-MOA_compound_platemap,Widefield,3,1.0,2,20,5,1,,none,,,,,,,1.0,18.6046511627907,0.2175480085473747,114270
79,PE,1siteSubSample_Scope1_PE_Bin2_Widefield_3Plane,CPBroadPhenixNCP3,False,17.77777777777778,0.7940814181021433,JUMP-MOA_compound_platemap,Widefield,3,1.0,2,20,5,1,,none,,,,,,,1.0,6.976744186046512,0.7729165063283872,114270
80,PE,1siteSubSample_Scope1_PE_Bin2_Widefield_3Plane,CPBroadPhenixNCP4,True,56.66666666666666,0.1752688491045358,JUMP-MOA_compound_platemap,Widefield,3,1.0,2,20,5,3,,none,,,,,,,1.0,20.930232558139537,0.2239806332577391,115627
81,PE,1siteSubSample_Scope1_PE_Bin2_Widefield_3Plane,CPBroadPhenixNCP4,False,43.333333333333336,0.315173125125229,JUMP-MOA_compound_platemap,Widefield,3,1.0,2,20,5,3,,none,,,,,,,1.0,16.27906976744186,0.335519372495287,115627
82,Yokogawa_Japan,1siteSubSample_Scope1_Yokogawa_Japan_20X,20201021T092317,True,52.22222222222223,0.1556474883243314,JUMP-MOA_compound_platemap,Confocal,9,1.0,1,20,5,3,,none,,,,,,,1.0,20.930232558139537,0.1872938713830401,159030
83,Yokogawa_Japan,1siteSubSample_Scope1_Yokogawa_Japan_20X,20201021T092317,False,36.66666666666666,0.3210788966512771,JUMP-MOA_compound_platemap,Confocal,9,1.0,1,20,5,3,,none,,,,,,,1.0,13.953488372093023,0.3153199535544649,159030
84,Yokogawa_Japan,1siteSubSample_Scope1_Yokogawa_Japan_40X,20201020T134356,True,42.22222222222222,0.1308816699767156,JUMP-MOA_compound_platemap,Confocal,2,1.0,1,40,5,3,,none,,,,,,,1.0,18.6046511627907,0.1395788206630481,34078
85,Yokogawa_Japan,1siteSubSample_Scope1_Yokogawa_Japan_40X,20201020T134356,False,27.77777777777778,0.2949602493804262,JUMP-MOA_compound_platemap,Confocal,2,1.0,1,40,5,3,,none,,,,,,,1.0,16.27906976744186,0.2200736611116775,34078
86,Yokogawa_US,1siteSubSample_Scope1_Yokogawa_US_10X,BRO0117014_10x,True,54.44444444444444,0.1647571751989306,JUMP-MOA_compound_platemap,Confocal,4,1.0,1,10,6,3,,none,,,,,,,1.0,18.6046511627907,0.2139097292698404,518568
87,Yokogawa_US,1siteSubSample_Scope1_Yokogawa_US_10X,BRO0117014_10x,False,38.88888888888889,0.2942570668428892,JUMP-MOA_compound_platemap,Confocal,4,1.0,1,10,6,3,,none,,,,,,,1.0,13.953488372093023,0.284616665765574,518568
88,Yokogawa_US,1siteSubSample_Scope1_Yokogawa_US_20X_5Ch,BRO0117033_20xb,True,47.77777777777778,0.1667795998637085,JUMP-MOA_compound_platemap,Confocal,9,1.0,1,20,5,3,,none,,,,,,,1.0,16.27906976744186,0.2035550673546482,119805
89,Yokogawa_US,1siteSubSample_Scope1_Yokogawa_US_20X_5Ch,BRO0117033_20xb,False,16.666666666666664,0.7314582341579076,JUMP-MOA_compound_platemap,Confocal,9,1.0,1,20,5,3,,none,,,,,,,1.0,11.627906976744184,0.6933246262213872,119805
90,Yokogawa_US,1siteSubSample_Scope1_Yokogawa_US_20X_5Ch,BRO0117056_20x,True,43.333333333333336,0.1514326477169923,JUMP-MOA_compound_platemap,Confocal,9,1.0,1,20,5,3,,none,,,,,,,1.0,18.6046511627907,0.1849807386676594,129356
91,Yokogawa_US,1siteSubSample_Scope1_Yokogawa_US_20X_5Ch,BRO0117056_20x,False,4.444444444444445,0.5532560797835768,JUMP-MOA_compound_platemap,Confocal,9,1.0,1,20,5,3,,none,,,,,,,1.0,0.0,0.5909176030489953,129356
92,Yokogawa_US,1siteSubSample_Scope1_Yokogawa_US_20X_5Ch_12Z,BRO0117056_20xb,True,54.44444444444444,0.1403270677461731,JUMP-MOA_compound_platemap,Confocal,9,1.0,1,20,5,3,,none,,,,,,,1.0,18.6046511627907,0.1801244373209142,129682
93,Yokogawa_US,1siteSubSample_Scope1_Yokogawa_US_20X_5Ch_12Z,BRO0117056_20xb,False,36.66666666666666,0.3230287859187102,JUMP-MOA_compound_platemap,Confocal,9,1.0,1,20,5,3,,none,,,,,,,1.0,13.953488372093023,0.3144102340240691,129682
94,Yokogawa_US,1siteSubSample_Scope1_Yokogawa_US_20X_6Ch_BRO0117059,BRO0117059_20X,True,56.17977528089888,0.1475836860147047,JUMP-MOA_compound_platemap,Confocal,9,1.0,1,20,6,3,,none,,,,,,,1.0,21.428571428571427,0.1998597718156267,110990
95,Yokogawa_US,1siteSubSample_Scope1_Yokogawa_US_20X_6Ch_BRO0117059,BRO0117059_20X,False,44.9438202247191,0.3186471825996808,JUMP-MOA_compound_platemap,Confocal,9,1.0,1,20,6,3,,none,,,,,,,1.0,19.047619047619047,0.3630168457153107,110990
96,Yokogawa_US,1siteSubSample_Scope1_Yokogawa_US_20X_6Ch_BRO01177034,BRO01177034_20x,True,53.333333333333336,0.1337534871054448,JUMP-MOA_compound_platemap,Confocal,9,1.0,1,20,6,1,,none,,,,,,,1.0,16.27906976744186,0.1803456682944921,92622
97,Yokogawa_US,1siteSubSample_Scope1_Yokogawa_US_20X_6Ch_BRO01177034,BRO01177034_20x,False,45.55555555555556,0.2245270828482848,JUMP-MOA_compound_platemap,Confocal,9,1.0,1,20,6,1,,none,,,,,,,1.0,13.953488372093023,0.2783598652644335,92622
98,MolDev,2siteSubSample_Scope1_MolDev_10X,Plate2_PCO_6ch_4site_10XPA,True,62.22222222222222,0.1398886287122198,JUMP-MOA_compound_platemap,Confocal,4,2.0,1,10,6,1,,none,,,,,,,2.0,16.27906976744186,0.194044817354734,978703
99,MolDev,2siteSubSample_Scope1_MolDev_10X,Plate2_PCO_6ch_4site_10XPA,False,13.333333333333334,0.5066953161824811,JUMP-MOA_compound_platemap,Confocal,4,2.0,1,10,6,1,,none,,,,,,,2.0,6.976744186046512,0.4597931473962216,978703
100,MolDev,2siteSubSample_Scope1_MolDev_10X,Plate3_PCO_6ch_4site_10XPA_Crest,True,58.88888888888889,0.1967409447174824,JUMP-MOA_compound_platemap,Confocal,4,2.0,1,10,6,1,,none,,,,,,,2.0,16.27906976744186,0.303100306575261,1185629
101,MolDev,2siteSubSample_Scope1_MolDev_10X,Plate3_PCO_6ch_4site_10XPA_Crest,False,26.666666666666668,0.5302441151611526,JUMP-MOA_compound_platemap,Confocal,4,2.0,1,10,6,1,,none,,,,,,,2.0,9.30232558139535,0.4592386547364568,1185629
102,MolDev,2siteSubSample_Scope1_MolDev_10X_4siteZ,Plate3_PCO_6ch_4site_10XPA_Crestz,True,65.55555555555556,0.1842840529606825,JUMP-MOA_compound_platemap,Confocal,4,2.0,1,10,6,1,,none,,,,,,,2.0,20.930232558139537,0.3139924918641437,1163084
103,MolDev,2siteSubSample_Scope1_MolDev_10X_4siteZ,Plate3_PCO_6ch_4site_10XPA_Crestz,False,37.77777777777778,0.4938140353249668,JUMP-MOA_compound_platemap,Confocal,4,2.0,1,10,6,1,,none,,,,,,,2.0,11.627906976744184,0.5511232120745847,1163084
104,MolDev,2siteSubSample_Scope1_MolDev_20X_4site,Plate3_PCO_6ch_4site_20XPA_Crestz,True,57.77777777777777,0.1813885464415712,JUMP-MOA_compound_platemap,Confocal,4,2.0,1,20,6,1,,none,,,,,,,2.0,16.27906976744186,0.2445186288930616,255222
105,MolDev,2siteSubSample_Scope1_MolDev_20X_4site,Plate3_PCO_6ch_4site_20XPA_Crestz,False,26.666666666666668,0.4500131931669125,JUMP-MOA_compound_platemap,Confocal,4,2.0,1,20,6,1,,none,,,,,,,2.0,13.953488372093023,0.5452454574019323,255222
106,MolDev,2siteSubSample_Scope1_MolDev_20X_9site,Plate2_PCO_6ch_9site_20XPA,True,60.0,0.1519971478264843,JUMP-MOA_compound_platemap,Confocal,9,2.0,1,20,6,1,,none,,,,,,,2.0,20.930232558139537,0.1912025144707567,248024
107,MolDev,2siteSubSample_Scope1_MolDev_20X_9site,Plate2_PCO_6ch_9site_20XPA,False,18.88888888888889,0.5738471726925104,JUMP-MOA_compound_platemap,Confocal,9,2.0,1,20,6,1,,none,,,,,,,2.0,6.976744186046512,0.8860903739620682,248024
108,MolDev,2siteSubSample_Scope1_MolDev_20X_9site,Plate3_PCO_6ch_9site_20XPA_Crest,True,55.55555555555556,0.1659036350608755,JUMP-MOA_compound_platemap,Confocal,9,2.0,1,20,6,1,,none,,,,,,,2.0,18.6046511627907,0.2314376374566934,273991
109,MolDev,2siteSubSample_Scope1_MolDev_20X_9site,Plate3_PCO_6ch_9site_20XPA_Crest,False,37.77777777777778,0.4950387477336699,JUMP-MOA_compound_platemap,Confocal,9,2.0,1,20,6,1,,none,,,,,,,2.0,6.976744186046512,0.6637988969806756,273991
110,Nikon,2siteSubSample_Scope1_Nikon_20X,BR00117061a,True,58.88888888888889,0.1990200212753731,JUMP-MOA_compound_platemap,Widefield,9,2.0,1,20,4,3,,none,,,,,,,2.0,18.6046511627907,0.2990128996160113,519409
111,Nikon,2siteSubSample_Scope1_Nikon_20X,BR00117061a,False,41.11111111111111,0.3176778755096731,JUMP-MOA_compound_platemap,Widefield,9,2.0,1,20,4,3,,none,,,,,,,2.0,13.953488372093023,0.3932520299804806,519409
112,Nikon,2siteSubSample_Scope1_Nikon_20X,BR00117062a,True,50.0,0.1811946865077203,JUMP-MOA_compound_platemap,Widefield,9,2.0,1,20,4,3,,none,,,,,,,2.0,18.6046511627907,0.2423919165008917,521314
113,Nikon,2siteSubSample_Scope1_Nikon_20X,BR00117062a,False,37.77777777777778,0.3420893719650296,JUMP-MOA_compound_platemap,Widefield,9,2.0,1,20,4,3,,none,,,,,,,2.0,13.953488372093023,0.3406726371129004,521314
114,Nikon,2siteSubSample_Scope1_Nikon_20X,BR00117063b,True,44.44444444444444,0.2058406913501002,JUMP-MOA_compound_platemap,Widefield,9,2.0,1,20,4,3,,none,,,,,,,2.0,16.27906976744186,0.2536523229440128,528034
115,Nikon,2siteSubSample_Scope1_Nikon_20X,BR00117063b,False,31.11111111111111,0.4163544268244094,JUMP-MOA_compound_platemap,Widefield,9,2.0,1,20,4,3,,none,,,,,,,2.0,11.627906976744184,0.439846240589928,528034
116,PE,2siteSubSample_Scope1_PE_Bin1_Confocal_1Plane,CP_Broad_Phenix_C_BIN1_1Plane_P1,True,58.88888888888889,0.1699152361526519,JUMP-MOA_compound_platemap,Confocal,3,2.0,1,20,5,3,,none,,,,,,,2.0,16.27906976744186,0.2663518352244005,231584
117,PE,2siteSubSample_Scope1_PE_Bin1_Confocal_1Plane,CP_Broad_Phenix_C_BIN1_1Plane_P1,False,40.0,0.3597904317702758,JUMP-MOA_compound_platemap,Confocal,3,2.0,1,20,5,3,,none,,,,,,,2.0,13.953488372093023,0.387039286021471,231584
118,PE,2siteSubSample_Scope1_PE_Bin1_Confocal_1Plane,CP_Broad_Phenix_C_BIN1_1Plane_P2,True,55.55555555555556,0.195082558178645,JUMP-MOA_compound_platemap,Confocal,3,2.0,1,20,5,3,,none,,,,,,,2.0,20.930232558139537,0.2684876452235027,239479
119,PE,2siteSubSample_Scope1_PE_Bin1_Confocal_1Plane,CP_Broad_Phenix_C_BIN1_1Plane_P2,False,28.88888888888889,0.5560427531584393,JUMP-MOA_compound_platemap,Confocal,3,2.0,1,20,5,3,,none,,,,,,,2.0,13.953488372093023,0.6033474843284283,239479
120,PE,2siteSubSample_Scope1_PE_Bin1_Confocal_1Plane,CP_Broad_Phenix_C_BIN1_1Plane_P3,True,57.77777777777777,0.1524856225546718,JUMP-MOA_compound_platemap,Confocal,3,2.0,1,20,5,3,,none,,,,,,,2.0,20.930232558139537,0.2313683604552261,238725
121,PE,2siteSubSample_Scope1_PE_Bin1_Confocal_1Plane,CP_Broad_Phenix_C_BIN1_1Plane_P3,False,41.11111111111111,0.5055229820480626,JUMP-MOA_compound_platemap,Confocal,3,2.0,1,20,5,3,,none,,,,,,,2.0,13.953488372093023,0.5229931908827803,238725
122,PE,2siteSubSample_Scope1_PE_Bin1_Confocal_1Plane,CP_Broad_Phenix_C_BIN1_1Plane_P4,True,61.11111111111112,0.1793874433056576,JUMP-MOA_compound_platemap,Confocal,3,2.0,1,20,5,3,,none,,,,,,,2.0,16.27906976744186,0.2595783415863128,259919
123,PE,2siteSubSample_Scope1_PE_Bin1_Confocal_1Plane,CP_Broad_Phenix_C_BIN1_1Plane_P4,False,23.33333333333333,0.69128219229401,JUMP-MOA_compound_platemap,Confocal,3,2.0,1,20,5,3,,none,,,,,,,2.0,11.627906976744184,0.8602433436322261,259919
124,PE,2siteSubSample_Scope1_PE_Bin1_Confocal_3Plane,CP_Broad_Phenix_C_BIN1_P1,True,55.55555555555556,0.1645141004141301,JUMP-MOA_compound_platemap,Confocal,3,2.0,1,20,5,3,,none,,,,,,,2.0,20.930232558139537,0.2262793565272741,231775
125,PE,2siteSubSample_Scope1_PE_Bin1_Confocal_3Plane,CP_Broad_Phenix_C_BIN1_P1,False,22.22222222222222,0.6430597529985294,JUMP-MOA_compound_platemap,Confocal,3,2.0,1,20,5,3,,none,,,,,,,2.0,6.976744186046512,0.7966055961896272,231775
126,PE,2siteSubSample_Scope1_PE_Bin1_Confocal_3Plane,CP_Broad_Phenix_C_BIN1_P2,True,57.77777777777777,0.1869079282474458,JUMP-MOA_compound_platemap,Confocal,3,2.0,1,20,5,1,,none,,,,,,,2.0,23.25581395348837,0.2718321002799743,239378
127,PE,2siteSubSample_Scope1_PE_Bin1_Confocal_3Plane,CP_Broad_Phenix_C_BIN1_P2,False,46.66666666666666,0.339879782967368,JUMP-MOA_compound_platemap,Confocal,3,2.0,1,20,5,1,,none,,,,,,,2.0,18.6046511627907,0.3664107732599991,239378
128,PE,2siteSubSample_Scope1_PE_Bin1_Confocal_3Plane,CP_Broad_Phenix_C_BIN1_P3,True,58.88888888888889,0.1550183238587403,JUMP-MOA_compound_platemap,Confocal,3,2.0,1,20,5,1,,none,,,,,,,2.0,20.930232558139537,0.2241471944236897,238857
129,PE,2siteSubSample_Scope1_PE_Bin1_Confocal_3Plane,CP_Broad_Phenix_C_BIN1_P3,False,31.11111111111111,0.4323833672164744,JUMP-MOA_compound_platemap,Confocal,3,2.0,1,20,5,1,,none,,,,,,,2.0,13.953488372093023,0.3647931546784849,238857
130,PE,2siteSubSample_Scope1_PE_Bin1_Confocal_3Plane,CP_Broad_Phenix_C_BIN1_P4,True,60.0,0.1791221609142615,JUMP-MOA_compound_platemap,Confocal,3,2.0,1,20,5,1,,none,,,,,,,2.0,25.58139534883721,0.2537511338246553,260086
131,PE,2siteSubSample_Scope1_PE_Bin1_Confocal_3Plane,CP_Broad_Phenix_C_BIN1_P4,False,27.77777777777778,0.4268058687298015,JUMP-MOA_compound_platemap,Confocal,3,2.0,1,20,5,1,,none,,,,,,,2.0,16.27906976744186,0.3445395520626171,260086
132,PE,2siteSubSample_Scope1_PE_Bin1_Widefield_1Plane,CP_Broad_Phenix_NC_BIN1_1Plane_P1,True,58.88888888888889,0.1549314607407268,JUMP-MOA_compound_platemap,Widefield,3,2.0,1,20,5,1,,none,,,,,,,2.0,20.930232558139537,0.2128066899269867,228594
133,PE,2siteSubSample_Scope1_PE_Bin1_Widefield_1Plane,CP_Broad_Phenix_NC_BIN1_1Plane_P1,False,18.88888888888889,0.6820547026511169,JUMP-MOA_compound_platemap,Widefield,3,2.0,1,20,5,1,,none,,,,,,,2.0,4.651162790697675,0.719142277031803,228594
134,PE,2siteSubSample_Scope1_PE_Bin1_Widefield_1Plane,CP_Broad_Phenix_NC_BIN1_1Plane_P2,True,57.77777777777777,0.1731908624575909,JUMP-MOA_compound_platemap,Widefield,3,2.0,1,20,5,1,,none,,,,,,,2.0,23.25581395348837,0.2438082301752979,235500
135,PE,2siteSubSample_Scope1_PE_Bin1_Widefield_1Plane,CP_Broad_Phenix_NC_BIN1_1Plane_P2,False,10.0,0.961148668755747,JUMP-MOA_compound_platemap,Widefield,3,2.0,1,20,5,1,,none,,,,,,,2.0,6.976744186046512,0.9745892856434168,235500
136,PE,2siteSubSample_Scope1_PE_Bin1_Widefield_1Plane,CP_Broad_Phenix_NC_BIN1_1Plane_P3,True,57.77777777777777,0.1699042180996783,JUMP-MOA_compound_platemap,Widefield,3,2.0,1,20,5,1,,none,,,,,,,2.0,18.6046511627907,0.2394759677510615,235314
137,PE,2siteSubSample_Scope1_PE_Bin1_Widefield_1Plane,CP_Broad_Phenix_NC_BIN1_1Plane_P3,False,35.55555555555556,0.4293681236684197,JUMP-MOA_compound_platemap,Widefield,3,2.0,1,20,5,1,,none,,,,,,,2.0,9.30232558139535,0.4284912617261792,235314
138,PE,2siteSubSample_Scope1_PE_Bin1_Widefield_1Plane,CP_Broad_Phenix_NC_BIN1_1Plane_P4,True,58.88888888888889,0.1754998081961793,JUMP-MOA_compound_platemap,Widefield,3,2.0,1,20,5,1,,none,,,,,,,2.0,23.25581395348837,0.2408650787970264,254821
139,PE,2siteSubSample_Scope1_PE_Bin1_Widefield_1Plane,CP_Broad_Phenix_NC_BIN1_1Plane_P4,False,22.22222222222222,0.5363528508151318,JUMP-MOA_compound_platemap,Widefield,3,2.0,1,20,5,1,,none,,,,,,,2.0,9.30232558139535,0.8001785709703177,254821
140,PE,2siteSubSample_Scope1_PE_Bin1_Widefield_3Plane,CP_Broad_Phenix_NC_BIN1_P1,True,58.88888888888889,0.1490004792107382,JUMP-MOA_compound_platemap,Widefield,3,2.0,1,20,5,1,,none,,,,,,,2.0,20.930232558139537,0.2202235104167482,226942
141,PE,2siteSubSample_Scope1_PE_Bin1_Widefield_3Plane,CP_Broad_Phenix_NC_BIN1_P1,False,30.0,0.4486554057669166,JUMP-MOA_compound_platemap,Widefield,3,2.0,1,20,5,1,,none,,,,,,,2.0,13.953488372093023,0.4234343163778259,226942
142,PE,2siteSubSample_Scope1_PE_Bin1_Widefield_3Plane,CP_Broad_Phenix_NC_BIN1_P2,True,56.66666666666666,0.1775251073816396,JUMP-MOA_compound_platemap,Widefield,3,2.0,1,20,5,3,,none,,,,,,,2.0,18.6046511627907,0.2414164134711305,234067
143,PE,2siteSubSample_Scope1_PE_Bin1_Widefield_3Plane,CP_Broad_Phenix_NC_BIN1_P2,False,26.666666666666668,0.4927055546829631,JUMP-MOA_compound_platemap,Widefield,3,2.0,1,20,5,3,,none,,,,,,,2.0,11.627906976744184,0.462862067361857,234067
144,PE,2siteSubSample_Scope1_PE_Bin1_Widefield_3Plane,CP_Broad_Phenix_NC_BIN1_P3,True,58.88888888888889,0.1659158471419531,JUMP-MOA_compound_platemap,Widefield,3,2.0,1,20,5,3,,none,,,,,,,2.0,18.6046511627907,0.2428913493480211,233583
145,PE,2siteSubSample_Scope1_PE_Bin1_Widefield_3Plane,CP_Broad_Phenix_NC_BIN1_P3,False,24.444444444444443,0.534880948078816,JUMP-MOA_compound_platemap,Widefield,3,2.0,1,20,5,3,,none,,,,,,,2.0,16.27906976744186,0.5328376146135825,233583
146,PE,2siteSubSample_Scope1_PE_Bin1_Widefield_3Plane,CP_Broad_Phenix_NC_BIN1_P4,True,56.66666666666666,0.1768423382809799,JUMP-MOA_compound_platemap,Widefield,3,2.0,1,20,5,3,,none,,,,,,,2.0,20.930232558139537,0.250848328169543,252056
147,PE,2siteSubSample_Scope1_PE_Bin1_Widefield_3Plane,CP_Broad_Phenix_NC_BIN1_P4,False,20.0,0.7835723420813087,JUMP-MOA_compound_platemap,Widefield,3,2.0,1,20,5,3,,none,,,,,,,2.0,6.976744186046512,0.8339251273123977,252056
148,PE,2siteSubSample_Scope1_PE_Bin2_Confocal_1Plane,CPBroadPhenixC1PlaneP1,True,56.66666666666666,0.1575977288202409,JUMP-MOA_compound_platemap,Confocal,3,2.0,2,20,5,3,,none,,,,,,,2.0,23.25581395348837,0.2283620722371333,224031
149,PE,2siteSubSample_Scope1_PE_Bin2_Confocal_1Plane,CPBroadPhenixC1PlaneP1,False,37.77777777777778,0.3992187941554335,JUMP-MOA_compound_platemap,Confocal,3,2.0,2,20,5,3,,none,,,,,,,2.0,16.27906976744186,0.4036315594166283,224031
150,PE,2siteSubSample_Scope1_PE_Bin2_Confocal_1Plane,CPBroadPhenixC1PlaneP2,True,58.88888888888889,0.1786751830662561,JUMP-MOA_compound_platemap,Confocal,3,2.0,2,20,5,3,,none,,,,,,,2.0,23.25581395348837,0.2532298819303585,231023
151,PE,2siteSubSample_Scope1_PE_Bin2_Confocal_1Plane,CPBroadPhenixC1PlaneP2,False,32.22222222222222,0.5785347013410678,JUMP-MOA_compound_platemap,Confocal,3,2.0,2,20,5,3,,none,,,,,,,2.0,11.627906976744184,0.5962822722857545,231023
152,PE,2siteSubSample_Scope1_PE_Bin2_Confocal_1Plane,CPBroadPhenixC1PlaneP3,True,56.66666666666666,0.1481598767109668,JUMP-MOA_compound_platemap,Confocal,3,2.0,2,20,5,3,,none,,,,,,,2.0,20.930232558139537,0.2124774792851333,231224
153,PE,2siteSubSample_Scope1_PE_Bin2_Confocal_1Plane,CPBroadPhenixC1PlaneP3,False,14.444444444444445,0.8665293317177156,JUMP-MOA_compound_platemap,Confocal,3,2.0,2,20,5,3,,none,,,,,,,2.0,4.651162790697675,0.8872804171027218,231224
154,PE,2siteSubSample_Scope1_PE_Bin2_Confocal_1Plane,CPBroadPhenixC1PlaneP4,True,58.88888888888889,0.1752963143805305,JUMP-MOA_compound_platemap,Confocal,3,2.0,2,20,5,3,,none,,,,,,,2.0,23.25581395348837,0.2527677198473201,250051
155,PE,2siteSubSample_Scope1_PE_Bin2_Confocal_1Plane,CPBroadPhenixC1PlaneP4,False,37.77777777777778,0.4388589420634439,JUMP-MOA_compound_platemap,Confocal,3,2.0,2,20,5,3,,none,,,,,,,2.0,11.627906976744184,0.4355154038777551,250051
156,PE,2siteSubSample_Scope1_PE_Bin2_Confocal_3Plane,CPBroadPhenixCP1,True,53.333333333333336,0.1670275342985448,JUMP-MOA_compound_platemap,Confocal,3,2.0,2,20,5,3,,none,,,,,,,2.0,20.930232558139537,0.2567672194730277,224155
157,PE,2siteSubSample_Scope1_PE_Bin2_Confocal_3Plane,CPBroadPhenixCP1,False,42.22222222222222,0.3106125358378708,JUMP-MOA_compound_platemap,Confocal,3,2.0,2,20,5,3,,none,,,,,,,2.0,18.6046511627907,0.3619859093591815,224155
158,PE,2siteSubSample_Scope1_PE_Bin2_Confocal_3Plane,CPBroadPhenixCP2,True,55.55555555555556,0.1836626203323534,JUMP-MOA_compound_platemap,Confocal,3,2.0,2,20,5,1,,none,,,,,,,2.0,20.930232558139537,0.2726493328314103,230939
159,PE,2siteSubSample_Scope1_PE_Bin2_Confocal_3Plane,CPBroadPhenixCP2,False,12.22222222222222,0.8366355246776556,JUMP-MOA_compound_platemap,Confocal,3,2.0,2,20,5,1,,none,,,,,,,2.0,9.30232558139535,0.8489561424030759,230939
160,PE,2siteSubSample_Scope1_PE_Bin2_Confocal_3Plane,CPBroadPhenixCP3,True,58.88888888888889,0.1596791941873297,JUMP-MOA_compound_platemap,Confocal,3,2.0,2,20,5,1,,none,,,,,,,2.0,18.6046511627907,0.2413481262162002,229014
161,PE,2siteSubSample_Scope1_PE_Bin2_Confocal_3Plane,CPBroadPhenixCP3,False,48.888888888888886,0.33056322737894,JUMP-MOA_compound_platemap,Confocal,3,2.0,2,20,5,1,,none,,,,,,,2.0,18.6046511627907,0.3784031540017988,229014
162,PE,2siteSubSample_Scope1_PE_Bin2_Confocal_3Plane,CPBroadPhenixCP4,True,55.55555555555556,0.161398699419552,JUMP-MOA_compound_platemap,Confocal,3,2.0,2,20,5,1,,none,,,,,,,2.0,16.27906976744186,0.2357298180556751,231021
163,PE,2siteSubSample_Scope1_PE_Bin2_Confocal_3Plane,CPBroadPhenixCP4,False,46.66666666666666,0.3182781967151111,JUMP-MOA_compound_platemap,Confocal,3,2.0,2,20,5,1,,none,,,,,,,2.0,18.6046511627907,0.3753629700930437,231021
164,PE,2siteSubSample_Scope1_PE_Bin2_Widefield_1Plane,CPBroadPhenixNC1PlaneP1,True,57.77777777777777,0.1569185295733442,JUMP-MOA_compound_platemap,Widefield,3,2.0,2,20,5,1,,none,,,,,,,2.0,23.25581395348837,0.2419944637886519,222156
165,PE,2siteSubSample_Scope1_PE_Bin2_Widefield_1Plane,CPBroadPhenixNC1PlaneP1,False,37.77777777777778,0.3196367275905221,JUMP-MOA_compound_platemap,Widefield,3,2.0,2,20,5,1,,none,,,,,,,2.0,13.953488372093023,0.353862644672885,222156
166,PE,2siteSubSample_Scope1_PE_Bin2_Widefield_1Plane,CPBroadPhenixNC1PlaneP2,True,58.88888888888889,0.1845036577264765,JUMP-MOA_compound_platemap,Widefield,3,2.0,2,20,5,1,,none,,,,,,,2.0,23.25581395348837,0.2761920100089994,228464
167,PE,2siteSubSample_Scope1_PE_Bin2_Widefield_1Plane,CPBroadPhenixNC1PlaneP2,False,50.0,0.322462354595889,JUMP-MOA_compound_platemap,Widefield,3,2.0,2,20,5,1,,none,,,,,,,2.0,16.27906976744186,0.368579405206316,228464
168,PE,2siteSubSample_Scope1_PE_Bin2_Widefield_1Plane,CPBroadPhenixNC1PlaneP3,True,56.66666666666666,0.1737248972303687,JUMP-MOA_compound_platemap,Widefield,3,2.0,2,20,5,1,,none,,,,,,,2.0,16.27906976744186,0.2640536295129627,228139
169,PE,2siteSubSample_Scope1_PE_Bin2_Widefield_1Plane,CPBroadPhenixNC1PlaneP3,False,43.333333333333336,0.3648362914022608,JUMP-MOA_compound_platemap,Widefield,3,2.0,2,20,5,1,,none,,,,,,,2.0,11.627906976744184,0.4166654252499712,228139
170,PE,2siteSubSample_Scope1_PE_Bin2_Widefield_1Plane,CPBroadPhenixNC1PlaneP4,True,58.88888888888889,0.1617846370463783,JUMP-MOA_compound_platemap,Widefield,3,2.0,2,20,5,1,,none,,,,,,,2.0,23.25581395348837,0.2487832823296761,246381
171,PE,2siteSubSample_Scope1_PE_Bin2_Widefield_1Plane,CPBroadPhenixNC1PlaneP4,False,47.77777777777778,0.2937418846943688,JUMP-MOA_compound_platemap,Widefield,3,2.0,2,20,5,1,,none,,,,,,,2.0,18.6046511627907,0.3365302737822244,246381
172,PE,2siteSubSample_Scope1_PE_Bin2_Widefield_3Plane,CPBroadPhenixNCP1,True,57.77777777777777,0.147531725090257,JUMP-MOA_compound_platemap,Widefield,3,2.0,2,20,5,1,,none,,,,,,,2.0,25.58139534883721,0.2169261068373732,221350
173,PE,2siteSubSample_Scope1_PE_Bin2_Widefield_3Plane,CPBroadPhenixNCP1,False,35.55555555555556,0.3335786808600002,JUMP-MOA_compound_platemap,Widefield,3,2.0,2,20,5,1,,none,,,,,,,2.0,16.27906976744186,0.3711471617291911,221350
174,PE,2siteSubSample_Scope1_PE_Bin2_Widefield_3Plane,CPBroadPhenixNCP2,True,56.66666666666666,0.1814688615061522,JUMP-MOA_compound_platemap,Widefield,3,2.0,2,20,5,3,,none,,,,,,,2.0,23.25581395348837,0.254750444682124,227179
175,PE,2siteSubSample_Scope1_PE_Bin2_Widefield_3Plane,CPBroadPhenixNCP2,False,27.77777777777778,0.5241093554263427,JUMP-MOA_compound_platemap,Widefield,3,2.0,2,20,5,3,,none,,,,,,,2.0,11.627906976744184,0.5117883637137951,227179
176,PE,2siteSubSample_Scope1_PE_Bin2_Widefield_3Plane,CPBroadPhenixNCP3,True,56.66666666666666,0.1768394059656969,JUMP-MOA_compound_platemap,Widefield,3,2.0,2,20,5,3,,none,,,,,,,2.0,18.6046511627907,0.253909838109737,226297
177,PE,2siteSubSample_Scope1_PE_Bin2_Widefield_3Plane,CPBroadPhenixNCP3,False,34.44444444444444,0.4187054385139097,JUMP-MOA_compound_platemap,Widefield,3,2.0,2,20,5,3,,none,,,,,,,2.0,11.627906976744184,0.4398011919812542,226297
178,PE,2siteSubSample_Scope1_PE_Bin2_Widefield_3Plane,CPBroadPhenixNCP4,True,56.66666666666666,0.164860210761325,JUMP-MOA_compound_platemap,Widefield,3,2.0,2,20,5,3,,none,,,,,,,2.0,23.25581395348837,0.2594116094550944,243928
179,PE,2siteSubSample_Scope1_PE_Bin2_Widefield_3Plane,CPBroadPhenixNCP4,False,38.88888888888889,0.3796697765851213,JUMP-MOA_compound_platemap,Widefield,3,2.0,2,20,5,3,,none,,,,,,,2.0,16.27906976744186,0.3946851737778189,243928
180,Yokogawa_Japan,2siteSubSample_Scope1_Yokogawa_Japan_20X,20201021T092317,True,54.44444444444444,0.1727298692348869,JUMP-MOA_compound_platemap,Confocal,9,2.0,1,20,5,3,,none,,,,,,,2.0,23.25581395348837,0.2267416048069542,282763
181,Yokogawa_Japan,2siteSubSample_Scope1_Yokogawa_Japan_20X,20201021T092317,False,45.55555555555556,0.2990005856026422,JUMP-MOA_compound_platemap,Confocal,9,2.0,1,20,5,3,,none,,,,,,,2.0,16.27906976744186,0.3216733322598323,282763
182,Yokogawa_US,2siteSubSample_Scope1_Yokogawa_US_10X,BRO0117014_10x,True,57.77777777777777,0.1672942580626359,JUMP-MOA_compound_platemap,Confocal,4,2.0,1,10,6,3,,none,,,,,,,2.0,23.25581395348837,0.2406487577940327,1032116
183,Yokogawa_US,2siteSubSample_Scope1_Yokogawa_US_10X,BRO0117014_10x,False,37.77777777777778,0.3211539400977707,JUMP-MOA_compound_platemap,Confocal,4,2.0,1,10,6,3,,none,,,,,,,2.0,18.6046511627907,0.348283038190292,1032116
184,Yokogawa_US,2siteSubSample_Scope1_Yokogawa_US_20X_5Ch,BRO0117033_20xb,True,54.44444444444444,0.1745964627278939,JUMP-MOA_compound_platemap,Confocal,9,2.0,1,20,5,3,,none,,,,,,,2.0,16.27906976744186,0.2370300847279094,236567
185,Yokogawa_US,2siteSubSample_Scope1_Yokogawa_US_20X_5Ch,BRO0117033_20xb,False,36.66666666666666,0.3986985456955325,JUMP-MOA_compound_platemap,Confocal,9,2.0,1,20,5,3,,none,,,,,,,2.0,13.953488372093023,0.4022933053500486,236567
186,Yokogawa_US,2siteSubSample_Scope1_Yokogawa_US_20X_5Ch,BRO0117056_20x,True,46.66666666666666,0.1729002660558147,JUMP-MOA_compound_platemap,Confocal,9,2.0,1,20,5,3,,none,,,,,,,2.0,20.930232558139537,0.2166049497909782,257672
187,Yokogawa_US,2siteSubSample_Scope1_Yokogawa_US_20X_5Ch,BRO0117056_20x,False,32.22222222222222,0.4063385851954375,JUMP-MOA_compound_platemap,Confocal,9,2.0,1,20,5,3,,none,,,,,,,2.0,16.27906976744186,0.3838616222410425,257672
188,Yokogawa_US,2siteSubSample_Scope1_Yokogawa_US_20X_5Ch_12Z,BRO0117056_20xb,True,54.44444444444444,0.154743967377599,JUMP-MOA_compound_platemap,Confocal,9,2.0,1,20,5,3,,none,,,,,,,2.0,18.6046511627907,0.1922688258067108,257747
189,Yokogawa_US,2siteSubSample_Scope1_Yokogawa_US_20X_5Ch_12Z,BRO0117056_20xb,False,37.77777777777778,0.4113906031093149,JUMP-MOA_compound_platemap,Confocal,9,2.0,1,20,5,3,,none,,,,,,,2.0,11.627906976744184,0.4674194347801904,257747
190,Yokogawa_US,2siteSubSample_Scope1_Yokogawa_US_20X_6Ch_BRO0117059,BRO0117059_20X,True,55.55555555555556,0.1766061257818098,JUMP-MOA_compound_platemap,Confocal,9,2.0,1,20,6,10,,none,,,,,,,2.0,20.930232558139537,0.2416804475848983,232244
191,Yokogawa_US,2siteSubSample_Scope1_Yokogawa_US_20X_6Ch_BRO0117059,BRO0117059_20X,False,44.44444444444444,0.3327524861028501,JUMP-MOA_compound_platemap,Confocal,9,2.0,1,20,6,10,,none,,,,,,,2.0,16.27906976744186,0.3876627460543742,232244
192,Yokogawa_US,2siteSubSample_Scope1_Yokogawa_US_20X_6Ch_BRO01177034,BRO01177034_20x,True,52.22222222222223,0.1328917831011134,JUMP-MOA_compound_platemap,Confocal,9,2.0,1,20,6,10,,none,,,,,,,2.0,18.6046511627907,0.1790978992006769,217868
193,Yokogawa_US,2siteSubSample_Scope1_Yokogawa_US_20X_6Ch_BRO01177034,BRO01177034_20x,False,43.333333333333336,0.2670038271740776,JUMP-MOA_compound_platemap,Confocal,9,2.0,1,20,6,10,,none,,,,,,,2.0,18.6046511627907,0.263174289402305,217868
194,Yokogawa_US,2siteSubSample_Scope1_Yokogawa_US_40X_BRO0117059,BRO0117059_40x,True,45.55555555555556,0.1511224049475794,JUMP-MOA_compound_platemap,Confocal,9,2.0,1,40,6,10,,none,,,,,,,2.0,18.6046511627907,0.1628443666157924,57421
195,Yokogawa_US,2siteSubSample_Scope1_Yokogawa_US_40X_BRO0117059,BRO0117059_40x,False,28.88888888888889,0.3157460571078989,JUMP-MOA_compound_platemap,Confocal,9,2.0,1,40,6,10,,none,,,,,,,2.0,11.627906976744184,0.3026808315233592,57421
196,MolDev,3siteSubSample_Scope1_MolDev_10X,Plate2_PCO_6ch_4site_10XPA,True,58.88888888888889,0.1528735152708281,JUMP-MOA_compound_platemap,Confocal,4,3.0,1,10,6,10,,none,,,,,,,3.0,16.27906976744186,0.2271687440426764,1530258
197,MolDev,3siteSubSample_Scope1_MolDev_10X,Plate2_PCO_6ch_4site_10XPA,False,23.33333333333333,0.4241222697673552,JUMP-MOA_compound_platemap,Confocal,4,3.0,1,10,6,10,,none,,,,,,,3.0,9.30232558139535,0.1990709445223922,1530258
198,MolDev,3siteSubSample_Scope1_MolDev_10X,Plate3_PCO_6ch_4site_10XPA_Crest,True,60.0,0.217558889909033,JUMP-MOA_compound_platemap,Confocal,4,3.0,1,10,6,12,none,none,,,,,,,3.0,20.930232558139537,0.3626655808174061,1823208
199,MolDev,3siteSubSample_Scope1_MolDev_10X,Plate3_PCO_6ch_4site_10XPA_Crest,False,30.0,0.5366934578556564,JUMP-MOA_compound_platemap,Confocal,4,3.0,1,10,6,12,none,none,,,,,,,3.0,11.627906976744184,0.5306092252890674,1823208
200,MolDev,3siteSubSample_Scope1_MolDev_10X_4siteZ,Plate3_PCO_6ch_4site_10XPA_Crestz,True,61.11111111111112,0.2315712787204818,JUMP-MOA_compound_platemap,Confocal,4,3.0,1,10,6,12,10,none,,,,,,,3.0,18.6046511627907,0.4208544337217422,1800903
201,MolDev,3siteSubSample_Scope1_MolDev_10X_4siteZ,Plate3_PCO_6ch_4site_10XPA_Crestz,False,38.88888888888889,0.4986043000038578,JUMP-MOA_compound_platemap,Confocal,4,3.0,1,10,6,12,10,none,,,,,,,3.0,11.627906976744184,0.5893156843731604,1800903
202,MolDev,3siteSubSample_Scope1_MolDev_20X_4site,Plate3_PCO_6ch_4site_20XPA_Crestz,True,57.77777777777777,0.1836346751401136,JUMP-MOA_compound_platemap,Confocal,4,3.0,1,20,6,12,10,none,,,,,,,3.0,20.930232558139537,0.2603064724471652,398159
203,MolDev,3siteSubSample_Scope1_MolDev_20X_4site,Plate3_PCO_6ch_4site_20XPA_Crestz,False,31.11111111111111,0.5792752848080935,JUMP-MOA_compound_platemap,Confocal,4,3.0,1,20,6,12,10,none,,,,,,,3.0,11.627906976744184,0.7023306140400878,398159
204,MolDev,3siteSubSample_Scope1_MolDev_20X_9site,Plate2_PCO_6ch_9site_20XPA,True,63.33333333333333,0.1476738090646244,JUMP-MOA_compound_platemap,Confocal,9,3.0,1,20,6,12,10,none,,,,,,,3.0,20.930232558139537,0.1866292310977091,373264
205,MolDev,3siteSubSample_Scope1_MolDev_20X_9site,Plate2_PCO_6ch_9site_20XPA,False,33.33333333333333,0.394840635097138,JUMP-MOA_compound_platemap,Confocal,9,3.0,1,20,6,12,10,none,,,,,,,3.0,9.30232558139535,0.3043463106404778,373264
206,MolDev,3siteSubSample_Scope1_MolDev_20X_9site,Plate3_PCO_6ch_9site_20XPA_Crest,True,62.22222222222222,0.1781245161889994,JUMP-MOA_compound_platemap,Confocal,9,3.0,1,20,6,1,none,none,,,,,,,3.0,16.27906976744186,0.274138995987363,402157
207,MolDev,3siteSubSample_Scope1_MolDev_20X_9site,Plate3_PCO_6ch_9site_20XPA_Crest,False,17.77777777777778,0.8873938134756135,JUMP-MOA_compound_platemap,Confocal,9,3.0,1,20,6,1,none,none,,,,,,,3.0,9.30232558139535,0.907962537375268,402157
208,Nikon,3siteSubSample_Scope1_Nikon_20X,BR00117061a,True,58.88888888888889,0.2193573094607184,JUMP-MOA_compound_platemap,Widefield,9,3.0,1,20,4,1,none,none,,,,,,,3.0,13.953488372093023,0.3258404104888055,771694
209,Nikon,3siteSubSample_Scope1_Nikon_20X,BR00117061a,False,48.888888888888886,0.3117650040715193,JUMP-MOA_compound_platemap,Widefield,9,3.0,1,20,4,1,none,none,,,,,,,3.0,13.953488372093023,0.4046682204059689,771694
210,Nikon,3siteSubSample_Scope1_Nikon_20X,BR00117062a,True,47.77777777777778,0.1848215528880682,JUMP-MOA_compound_platemap,Widefield,9,3.0,1,20,4,1,none,none,,,,,,,3.0,20.930232558139537,0.2726225241261708,767801
211,Nikon,3siteSubSample_Scope1_Nikon_20X,BR00117062a,False,41.11111111111111,0.3430687802641396,JUMP-MOA_compound_platemap,Widefield,9,3.0,1,20,4,1,none,none,,,,,,,3.0,16.27906976744186,0.362929580201545,767801
212,Nikon,3siteSubSample_Scope1_Nikon_20X,BR00117063b,True,52.22222222222223,0.2040401927814652,JUMP-MOA_compound_platemap,Widefield,9,3.0,1,20,4,1,none,none,,,,,,,3.0,16.27906976744186,0.2830247898096888,783955
213,Nikon,3siteSubSample_Scope1_Nikon_20X,BR00117063b,False,30.0,0.4433138930203433,JUMP-MOA_compound_platemap,Widefield,9,3.0,1,20,4,1,none,none,,,,,,,3.0,9.30232558139535,0.4965982919047301,783955
214,Yokogawa_Japan,3siteSubSample_Scope1_Yokogawa_Japan_20X,20201021T092317,True,56.66666666666666,0.1746163644022142,JUMP-MOA_compound_platemap,Confocal,9,3.0,1,20,5,1,none,none,,,,,,,3.0,23.25581395348837,0.2433831462854067,399392
215,Yokogawa_Japan,3siteSubSample_Scope1_Yokogawa_Japan_20X,20201021T092317,False,47.77777777777778,0.3046431614258841,JUMP-MOA_compound_platemap,Confocal,9,3.0,1,20,5,1,none,none,,,,,,,3.0,18.6046511627907,0.3496472450190681,399392
216,Yokogawa_US,3siteSubSample_Scope1_Yokogawa_US_10X,BRO0117014_10x,True,57.77777777777777,0.1906153991878473,JUMP-MOA_compound_platemap,Confocal,4,3.0,1,10,6,1,none,none,,,,,,,3.0,23.25581395348837,0.2916410489375943,1516909
217,Yokogawa_US,3siteSubSample_Scope1_Yokogawa_US_10X,BRO0117014_10x,False,38.88888888888889,0.3240728792452314,JUMP-MOA_compound_platemap,Confocal,4,3.0,1,10,6,1,none,none,,,,,,,3.0,18.6046511627907,0.3189960087329475,1516909
218,Yokogawa_US,3siteSubSample_Scope1_Yokogawa_US_20X_5Ch,BRO0117033_20xb,True,56.66666666666666,0.1745178771606662,JUMP-MOA_compound_platemap,Confocal,9,3.0,1,20,5,1,none,none,,,,,,,3.0,16.27906976744186,0.2400963858957367,368468
219,Yokogawa_US,3siteSubSample_Scope1_Yokogawa_US_20X_5Ch,BRO0117033_20xb,False,10.0,0.5717667681825691,JUMP-MOA_compound_platemap,Confocal,9,3.0,1,20,5,1,none,none,,,,,,,3.0,6.976744186046512,0.5584592512989125,368468
220,Yokogawa_US,3siteSubSample_Scope1_Yokogawa_US_20X_5Ch,BRO0117056_20x,True,55.55555555555556,0.1639058061488911,JUMP-MOA_compound_platemap,Confocal,9,3.0,1,20,5,1,none,none,,,,,,,3.0,25.58139534883721,0.2093152386772778,403905
221,Yokogawa_US,3siteSubSample_Scope1_Yokogawa_US_20X_5Ch,BRO0117056_20x,False,38.88888888888889,0.3296344760006229,JUMP-MOA_compound_platemap,Confocal,9,3.0,1,20,5,1,none,none,,,,,,,3.0,16.27906976744186,0.3346556561054077,403905
222,Yokogawa_US,3siteSubSample_Scope1_Yokogawa_US_20X_5Ch_12Z,BRO0117056_20xb,True,60.0,0.1489501645789112,JUMP-MOA_compound_platemap,Confocal,9,3.0,1,20,5,12,none,none,,,,,,,3.0,23.25581395348837,0.1981204668287482,403600
223,Yokogawa_US,3siteSubSample_Scope1_Yokogawa_US_20X_5Ch_12Z,BRO0117056_20xb,False,50.0,0.2785050008058308,JUMP-MOA_compound_platemap,Confocal,9,3.0,1,20,5,12,none,none,,,,,,,3.0,20.930232558139537,0.3156758597117862,403600
224,Yokogawa_US,3siteSubSample_Scope1_Yokogawa_US_20X_6Ch_BRO0117059,BRO0117059_20X,True,57.77777777777777,0.1819773593929624,JUMP-MOA_compound_platemap,Confocal,9,3.0,1,20,6,12,none,none,,,,,,,3.0,20.930232558139537,0.2511231735096382,352472
225,Yokogawa_US,3siteSubSample_Scope1_Yokogawa_US_20X_6Ch_BRO0117059,BRO0117059_20X,False,34.44444444444444,0.46431901249701,JUMP-MOA_compound_platemap,Confocal,9,3.0,1,20,6,12,none,none,,,,,,,3.0,13.953488372093023,0.5859098233610502,352472
226,Yokogawa_US,3siteSubSample_Scope1_Yokogawa_US_20X_6Ch_BRO01177034,BRO01177034_20x,True,55.55555555555556,0.1417065801590396,JUMP-MOA_compound_platemap,Confocal,9,3.0,1,20,6,12,none,none,,,,,,,3.0,18.6046511627907,0.2006477624755029,327204
227,Yokogawa_US,3siteSubSample_Scope1_Yokogawa_US_20X_6Ch_BRO01177034,BRO01177034_20x,False,46.66666666666666,0.2535044271744367,JUMP-MOA_compound_platemap,Confocal,9,3.0,1,20,6,12,none,none,,,,,,,3.0,16.27906976744186,0.2806844309708204,327204
228,Yokogawa_US,3siteSubSample_Scope1_Yokogawa_US_40X_BRO0117059,BRO0117059_40x,True,51.11111111111111,0.152709141488982,JUMP-MOA_compound_platemap,Confocal,9,3.0,1,40,6,12,none,none,,,,,,,3.0,13.953488372093023,0.1908260220878062,86955
229,Yokogawa_US,3siteSubSample_Scope1_Yokogawa_US_40X_BRO0117059,BRO0117059_40x,False,37.77777777777778,0.331899991516037,JUMP-MOA_compound_platemap,Confocal,9,3.0,1,40,6,12,none,none,,,,,,,3.0,11.627906976744184,0.3164079142189128,86955
230,MolDev,4siteSubSample_Scope1_MolDev_20X_9site,Plate2_PCO_6ch_9site_20XPA,True,63.33333333333333,0.1553506162307299,JUMP-MOA_compound_platemap,Confocal,9,4.0,1,20,6,12,15,none,,,,,,,4.0,25.58139534883721,0.2121392874452884,505512
231,MolDev,4siteSubSample_Scope1_MolDev_20X_9site,Plate2_PCO_6ch_9site_20XPA,False,31.11111111111111,0.4890616041394217,JUMP-MOA_compound_platemap,Confocal,9,4.0,1,20,6,12,15,none,,,,,,,4.0,9.30232558139535,0.4298780525169833,505512
232,MolDev,4siteSubSample_Scope1_MolDev_20X_9site,Plate3_PCO_6ch_9site_20XPA_Crest,True,61.11111111111112,0.1894901513795615,JUMP-MOA_compound_platemap,Confocal,9,4.0,1,20,6,12,15,none,,,,,,,4.0,18.6046511627907,0.2860993546572145,554863
233,MolDev,4siteSubSample_Scope1_MolDev_20X_9site,Plate3_PCO_6ch_9site_20XPA_Crest,False,23.33333333333333,0.596102026888572,JUMP-MOA_compound_platemap,Confocal,9,4.0,1,20,6,12,15,none,,,,,,,4.0,13.953488372093023,0.6473984747789294,554863
234,Nikon,4siteSubSample_Scope1_Nikon_20X,BR00117061a,True,60.0,0.2250804802360691,JUMP-MOA_compound_platemap,Widefield,9,4.0,1,20,4,12,15,none,,,,,,,4.0,18.6046511627907,0.3476400280540247,1000889
235,Nikon,4siteSubSample_Scope1_Nikon_20X,BR00117061a,False,46.66666666666666,0.3242037220009867,JUMP-MOA_compound_platemap,Widefield,9,4.0,1,20,4,12,15,none,,,,,,,4.0,13.953488372093023,0.4230747938191899,1000889
236,Nikon,4siteSubSample_Scope1_Nikon_20X,BR00117062a,True,48.888888888888886,0.2046471071103429,JUMP-MOA_compound_platemap,Widefield,9,4.0,1,20,4,12,15,none,,,,,,,4.0,16.27906976744186,0.3323689830543314,992836
237,Nikon,4siteSubSample_Scope1_Nikon_20X,BR00117062a,False,24.444444444444443,0.5036366411714416,JUMP-MOA_compound_platemap,Widefield,9,4.0,1,20,4,12,15,none,,,,,,,4.0,9.30232558139535,0.4448399798392218,992836
238,Nikon,4siteSubSample_Scope1_Nikon_20X,BR00117063b,True,51.11111111111111,0.2226058738170373,JUMP-MOA_compound_platemap,Widefield,9,4.0,1,20,4,12,13,none,,,,,,,4.0,16.27906976744186,0.3201978067170714,1005237
239,Nikon,4siteSubSample_Scope1_Nikon_20X,BR00117063b,False,37.77777777777778,0.3581991844894549,JUMP-MOA_compound_platemap,Widefield,9,4.0,1,20,4,12,13,none,,,,,,,4.0,11.627906976744184,0.4635947813363814,1005237
240,Yokogawa_Japan,4siteSubSample_Scope1_Yokogawa_Japan_20X,20201021T092317,True,55.55555555555556,0.1865286818537425,JUMP-MOA_compound_platemap,Confocal,9,4.0,1,20,5,12,13,none,,,,,,,4.0,20.930232558139537,0.2632065697581828,563579
241,Yokogawa_Japan,4siteSubSample_Scope1_Yokogawa_Japan_20X,20201021T092317,False,14.444444444444445,0.9002285944256415,JUMP-MOA_compound_platemap,Confocal,9,4.0,1,20,5,12,13,none,,,,,,,4.0,11.627906976744184,0.9105174408978262,563579
242,Yokogawa_US,4siteSubSample_Scope1_Yokogawa_US_20X_5Ch,BRO0117033_20xb,True,57.77777777777777,0.1820887756441176,JUMP-MOA_compound_platemap,Confocal,9,4.0,1,20,5,12,13,none,,,,,,,4.0,18.6046511627907,0.2562344707789082,489988
243,Yokogawa_US,4siteSubSample_Scope1_Yokogawa_US_20X_5Ch,BRO0117033_20xb,False,41.11111111111111,0.348442327363347,JUMP-MOA_compound_platemap,Confocal,9,4.0,1,20,5,12,13,none,,,,,,,4.0,16.27906976744186,0.3685295854529883,489988
244,Yokogawa_US,4siteSubSample_Scope1_Yokogawa_US_20X_5Ch,BRO0117056_20x,True,55.55555555555556,0.1804303006355681,JUMP-MOA_compound_platemap,Confocal,9,4.0,1,20,5,12,13,none,,,,,,,4.0,23.25581395348837,0.2443249929881352,544244
245,Yokogawa_US,4siteSubSample_Scope1_Yokogawa_US_20X_5Ch,BRO0117056_20x,False,38.88888888888889,0.3731600104777531,JUMP-MOA_compound_platemap,Confocal,9,4.0,1,20,5,12,13,none,,,,,,,4.0,18.6046511627907,0.3787599893240276,544244
246,Yokogawa_US,4siteSubSample_Scope1_Yokogawa_US_20X_5Ch_12Z,BRO0117056_20xb,True,60.0,0.1592866990501148,JUMP-MOA_compound_platemap,Confocal,9,4.0,1,20,5,12,15,none,,,,,,,4.0,20.930232558139537,0.2238870082982632,543826
247,Yokogawa_US,4siteSubSample_Scope1_Yokogawa_US_20X_5Ch_12Z,BRO0117056_20xb,False,45.55555555555556,0.3251477265176407,JUMP-MOA_compound_platemap,Confocal,9,4.0,1,20,5,12,15,none,,,,,,,4.0,20.930232558139537,0.3563897939822411,543826
248,Yokogawa_US,4siteSubSample_Scope1_Yokogawa_US_20X_6Ch_BRO0117059,BRO0117059_20X,True,58.88888888888889,0.178408119849201,JUMP-MOA_compound_platemap,Confocal,9,4.0,1,20,6,12,15,none,,,,,,,4.0,20.930232558139537,0.263909077094257,489099
249,Yokogawa_US,4siteSubSample_Scope1_Yokogawa_US_20X_6Ch_BRO0117059,BRO0117059_20X,False,20.0,0.6190217908292575,JUMP-MOA_compound_platemap,Confocal,9,4.0,1,20,6,12,15,none,,,,,,,4.0,4.651162790697675,0.8116518047933601,489099
250,Yokogawa_US,4siteSubSample_Scope1_Yokogawa_US_20X_6Ch_BRO01177034,BRO01177034_20x,True,56.66666666666666,0.1376080415403073,JUMP-MOA_compound_platemap,Confocal,9,4.0,1,20,6,12,15,none,,,,,,,4.0,18.6046511627907,0.1888417408080814,452567
251,Yokogawa_US,4siteSubSample_Scope1_Yokogawa_US_20X_6Ch_BRO01177034,BRO01177034_20x,False,21.11111111111111,0.6720031892446285,JUMP-MOA_compound_platemap,Confocal,9,4.0,1,20,6,12,15,none,,,,,,,4.0,9.30232558139535,0.7904875768293459,452567
252,Yokogawa_US,4siteSubSample_Scope1_Yokogawa_US_40X_BRO0117059,BRO0117059_40x,True,53.333333333333336,0.1920754371504493,JUMP-MOA_compound_platemap,Confocal,9,4.0,1,40,6,12,15,none,,,,,,,4.0,20.930232558139537,0.2305796020194582,116595
253,Yokogawa_US,4siteSubSample_Scope1_Yokogawa_US_40X_BRO0117059,BRO0117059_40x,False,35.55555555555556,0.3462033434853633,JUMP-MOA_compound_platemap,Confocal,9,4.0,1,40,6,12,15,none,,,,,,,4.0,13.953488372093023,0.335594643885908,116595
254,MolDev,Scope1_MolDev_10X,Plate2_PCO_6ch_4site_10XPA,True,60.0,0.1936657295040562,JUMP-MOA_compound_platemap,Confocal,4,,1,10,6,1,,none,0.0,no,0.45,dry,,,4.0,23.25581395348837,0.2884734033166303,2014937
255,MolDev,Scope1_MolDev_10X,Plate2_PCO_6ch_4site_10XPA,False,38.88888888888889,0.431933363430095,JUMP-MOA_compound_platemap,Confocal,4,,1,10,6,1,,none,0.0,no,0.45,dry,,,4.0,11.627906976744184,0.3538244914234092,2014937
256,MolDev,Scope1_MolDev_10X,Plate3_PCO_6ch_4site_10XPA_Crest,True,62.22222222222222,0.2723072433033793,JUMP-MOA_compound_platemap,Confocal,4,,1,10,6,1,,none,1.0,yes,0.45,dry,,,4.0,23.25581395348837,0.4151250758534685,2413350
257,MolDev,Scope1_MolDev_10X,Plate3_PCO_6ch_4site_10XPA_Crest,False,51.11111111111111,0.3626461243593133,JUMP-MOA_compound_platemap,Confocal,4,,1,10,6,1,,none,1.0,yes,0.45,dry,,,4.0,16.27906976744186,0.469550973951144,2413350
258,MolDev,Scope1_MolDev_10X_4siteZ,Plate3_PCO_6ch_4site_10XPA_Crestz,True,65.55555555555556,0.2079860350714698,JUMP-MOA_compound_platemap,Confocal,4,,1,10,6,3,,none,2.0,yes,0.45,dry,,,4.0,23.25581395348837,0.3714807367639226,2381443
259,MolDev,Scope1_MolDev_10X_4siteZ,Plate3_PCO_6ch_4site_10XPA_Crestz,False,55.55555555555556,0.3287213397940526,JUMP-MOA_compound_platemap,Confocal,4,,1,10,6,3,,none,2.0,yes,0.45,dry,,,4.0,20.930232558139537,0.4494219210590637,2381443
260,MolDev,Scope1_MolDev_20X_4site,Plate3_PCO_6ch_4site_20XPA_Crestz,True,60.0,0.1780724556280612,JUMP-MOA_compound_platemap,Confocal,4,,1,20,6,3,,none,3.0,yes,0.75,dry,,,4.0,23.25581395348837,0.2576304719786915,527841
261,MolDev,Scope1_MolDev_20X_4site,Plate3_PCO_6ch_4site_20XPA_Crestz,False,17.77777777777778,0.9919419605891936,JUMP-MOA_compound_platemap,Confocal,4,,1,20,6,3,,none,3.0,yes,0.75,dry,,,4.0,6.976744186046512,0.9940862721110192,527841
262,MolDev,Scope1_MolDev_20X_9site,Plate2_PCO_6ch_9site_20XPA,True,71.11111111111111,0.1881822509246297,JUMP-MOA_compound_platemap,Confocal,9,,1,20,6,1,,none,4.0,no,0.75,dry,,,9.0,25.58139534883721,0.2887656134247692,1101611
263,MolDev,Scope1_MolDev_20X_9site,Plate2_PCO_6ch_9site_20XPA,False,57.77777777777777,0.2474125354518501,JUMP-MOA_compound_platemap,Confocal,9,,1,20,6,1,,none,4.0,no,0.75,dry,,,9.0,18.6046511627907,0.3093933466624646,1101611
264,MolDev,Scope1_MolDev_20X_9site,Plate3_PCO_6ch_9site_20XPA_Crest,True,58.88888888888889,0.3326138623141873,JUMP-MOA_compound_platemap,Confocal,9,,1,20,6,1,,none,5.0,yes,0.75,dry,,,9.0,20.930232558139537,0.471835821904234,1253387
265,MolDev,Scope1_MolDev_20X_9site,Plate3_PCO_6ch_9site_20XPA_Crest,False,50.0,0.3608047149509755,JUMP-MOA_compound_platemap,Confocal,9,,1,20,6,1,,none,5.0,yes,0.75,dry,,,9.0,13.953488372093023,0.4554548523267585,1253387
268,Nikon,Scope1_Nikon_10X,BR00117060a10x,True,38.88888888888889,0.2276244233030372,JUMP-MOA_compound_platemap,Widefield,1,,1,10,4,1,,none,7.0,,0.45,dry,,,1.0,16.27906976744186,0.3464191269532116,929255
269,Nikon,Scope1_Nikon_10X,BR00117060a10x,False,25.555555555555557,0.5170880446285023,JUMP-MOA_compound_platemap,Widefield,1,,1,10,4,1,,none,7.0,,0.45,dry,,,1.0,18.6046511627907,0.4723416056320291,929255
270,Nikon,Scope1_Nikon_10X,BR00117061a10x,True,51.13636363636363,0.2475225474564649,JUMP-MOA_compound_platemap,Widefield,1,,1,10,4,1,,none,8.0,,0.45,dry,,,1.0,19.51219512195122,0.3318920607654785,938495
271,Nikon,Scope1_Nikon_10X,BR00117061a10x,False,39.77272727272727,0.363673735759065,JUMP-MOA_compound_platemap,Widefield,1,,1,10,4,1,,none,8.0,,0.45,dry,,,1.0,14.634146341463412,0.4149529048771989,938495
272,Nikon,Scope1_Nikon_10X,BR00117063b10x,True,44.9438202247191,0.1980714852575827,JUMP-MOA_compound_platemap,Widefield,1,,1,10,4,1,,none,10.0,,0.45,dry,,,1.0,14.285714285714285,0.3205357439517729,910533
273,Nikon,Scope1_Nikon_10X,BR00117063b10x,False,29.21348314606741,0.3431986062561682,JUMP-MOA_compound_platemap,Widefield,1,,1,10,4,1,,none,10.0,,0.45,dry,,,1.0,11.904761904761903,0.3624776821694811,910533
274,Nikon,Scope1_Nikon_20X,BR00117061a,True,64.44444444444444,0.2631331610240014,JUMP-MOA_compound_platemap,Widefield,9,,1,20,4,1,,none,11.0,,0.75,dry,,,9.0,23.25581395348837,0.458060673209971,2330204
275,Nikon,Scope1_Nikon_20X,BR00117061a,False,60.0,0.3814294274059565,JUMP-MOA_compound_platemap,Widefield,9,,1,20,4,1,,none,11.0,,0.75,dry,,,9.0,16.27906976744186,0.5782540415084003,2330204
276,Nikon,Scope1_Nikon_20X,BR00117062a,True,61.11111111111112,0.2272799272747976,JUMP-MOA_compound_platemap,Widefield,9,,1,20,4,1,,none,12.0,,0.75,dry,,,9.0,20.930232558139537,0.3539262593782656,2301607
277,Nikon,Scope1_Nikon_20X,BR00117062a,False,44.44444444444444,0.3921087252816147,JUMP-MOA_compound_platemap,Widefield,9,,1,20,4,1,,none,12.0,,0.75,dry,,,9.0,16.27906976744186,0.4990711727348155,2301607
278,Nikon,Scope1_Nikon_20X,BR00117063b,True,53.333333333333336,0.3030686002369088,JUMP-MOA_compound_platemap,Widefield,9,,1,20,4,1,,none,13.0,,0.75,dry,,,9.0,18.6046511627907,0.4523265338992878,2274867
279,Nikon,Scope1_Nikon_20X,BR00117063b,False,45.55555555555556,0.368474189657125,JUMP-MOA_compound_platemap,Widefield,9,,1,20,4,1,,none,13.0,,0.75,dry,,,9.0,16.27906976744186,0.4742101271025074,2274867
280,PE,Scope1_PE_Bin1_Confocal_1Plane,CP_Broad_Phenix_C_BIN1_1Plane_P1,True,62.22222222222222,0.2084360563295144,JUMP-MOA_compound_platemap,Confocal,3,,1,20,5,1,,none,14.0,,1.0,water,,,3.0,20.930232558139537,0.3101148028752806,359491
281,PE,Scope1_PE_Bin1_Confocal_1Plane,CP_Broad_Phenix_C_BIN1_1Plane_P1,False,52.22222222222223,0.3058642104395926,JUMP-MOA_compound_platemap,Confocal,3,,1,20,5,1,,none,14.0,,1.0,water,,,3.0,16.27906976744186,0.3988872874236624,359491
282,PE,Scope1_PE_Bin1_Confocal_1Plane,CP_Broad_Phenix_C_BIN1_1Plane_P2,True,56.66666666666666,0.2121741967238256,JUMP-MOA_compound_platemap,Confocal,3,,1,20,5,1,,none,15.0,,1.0,water,,,3.0,23.25581395348837,0.3157952130873803,368727
283,PE,Scope1_PE_Bin1_Confocal_1Plane,CP_Broad_Phenix_C_BIN1_1Plane_P2,False,54.44444444444444,0.3065317509058363,JUMP-MOA_compound_platemap,Confocal,3,,1,20,5,1,,none,15.0,,1.0,water,,,3.0,18.6046511627907,0.4031555867892622,368727
284,PE,Scope1_PE_Bin1_Confocal_1Plane,CP_Broad_Phenix_C_BIN1_1Plane_P3,True,61.11111111111112,0.1871729794421741,JUMP-MOA_compound_platemap,Confocal,3,,1,20,5,1,,none,16.0,,1.0,water,,,3.0,20.930232558139537,0.280613835243222,369895
285,PE,Scope1_PE_Bin1_Confocal_1Plane,CP_Broad_Phenix_C_BIN1_1Plane_P3,False,52.22222222222223,0.3266878241886891,JUMP-MOA_compound_platemap,Confocal,3,,1,20,5,1,,none,16.0,,1.0,water,,,3.0,16.27906976744186,0.400159342342848,369895
286,PE,Scope1_PE_Bin1_Confocal_1Plane,CP_Broad_Phenix_C_BIN1_1Plane_P4,True,61.11111111111112,0.203790851099865,JUMP-MOA_compound_platemap,Confocal,3,,1,20,5,1,,none,17.0,,1.0,water,,,3.0,23.25581395348837,0.3023392552986788,416408
287,PE,Scope1_PE_Bin1_Confocal_1Plane,CP_Broad_Phenix_C_BIN1_1Plane_P4,False,45.55555555555556,0.31199341932616,JUMP-MOA_compound_platemap,Confocal,3,,1,20,5,1,,none,17.0,,1.0,water,,,3.0,16.27906976744186,0.3671269355475244,416408
288,PE,Scope1_PE_Bin1_Confocal_3Plane,CP_Broad_Phenix_C_BIN1_P1,True,61.11111111111112,0.2079214188901905,JUMP-MOA_compound_platemap,Confocal,3,,1,20,5,3,,none,18.0,,1.0,water,,,3.0,18.6046511627907,0.342015681736433,359818
289,PE,Scope1_PE_Bin1_Confocal_3Plane,CP_Broad_Phenix_C_BIN1_P1,False,55.55555555555556,0.2986208415436169,JUMP-MOA_compound_platemap,Confocal,3,,1,20,5,3,,none,18.0,,1.0,water,,,3.0,16.27906976744186,0.4019420454519957,359818
290,PE,Scope1_PE_Bin1_Confocal_3Plane,CP_Broad_Phenix_C_BIN1_P2,True,56.66666666666666,0.219357709197892,JUMP-MOA_compound_platemap,Confocal,3,,1,20,5,3,,none,19.0,,1.0,water,,,3.0,20.930232558139537,0.3275100543389047,368742
291,PE,Scope1_PE_Bin1_Confocal_3Plane,CP_Broad_Phenix_C_BIN1_P2,False,55.55555555555556,0.3065554540708796,JUMP-MOA_compound_platemap,Confocal,3,,1,20,5,3,,none,19.0,,1.0,water,,,3.0,16.27906976744186,0.4147694111153396,368742
292,PE,Scope1_PE_Bin1_Confocal_3Plane,CP_Broad_Phenix_C_BIN1_P3,True,58.88888888888889,0.1951899619335545,JUMP-MOA_compound_platemap,Confocal,3,,1,20,5,3,,none,20.0,,1.0,water,,,3.0,25.58139534883721,0.2789973656718317,370393
293,PE,Scope1_PE_Bin1_Confocal_3Plane,CP_Broad_Phenix_C_BIN1_P3,False,55.55555555555556,0.3269028918236468,JUMP-MOA_compound_platemap,Confocal,3,,1,20,5,3,,none,20.0,,1.0,water,,,3.0,18.6046511627907,0.4048243020642176,370393
294,PE,Scope1_PE_Bin1_Confocal_3Plane,CP_Broad_Phenix_C_BIN1_P4,True,61.11111111111112,0.2127061377037193,JUMP-MOA_compound_platemap,Confocal,3,,1,20,5,3,,none,21.0,,1.0,water,,,3.0,23.25581395348837,0.2944464392905649,416634
295,PE,Scope1_PE_Bin1_Confocal_3Plane,CP_Broad_Phenix_C_BIN1_P4,False,46.66666666666666,0.3187074173655653,JUMP-MOA_compound_platemap,Confocal,3,,1,20,5,3,,none,21.0,,1.0,water,,,3.0,20.930232558139537,0.3689659474715413,416634
296,PE,Scope1_PE_Bin1_Widefield_1Plane,CP_Broad_Phenix_NC_BIN1_1Plane_P1,True,60.0,0.1945155496107154,JUMP-MOA_compound_platemap,Widefield,3,,1,20,5,1,,none,22.0,,1.0,water,,,3.0,23.25581395348837,0.2900432887934209,354572
297,PE,Scope1_PE_Bin1_Widefield_1Plane,CP_Broad_Phenix_NC_BIN1_1Plane_P1,False,53.333333333333336,0.3000053711971533,JUMP-MOA_compound_platemap,Widefield,3,,1,20,5,1,,none,22.0,,1.0,water,,,3.0,18.6046511627907,0.4023394305614792,354572
298,PE,Scope1_PE_Bin1_Widefield_1Plane,CP_Broad_Phenix_NC_BIN1_1Plane_P2,True,60.0,0.1921912762412085,JUMP-MOA_compound_platemap,Widefield,3,,1,20,5,1,,none,23.0,,1.0,water,,,3.0,23.25581395348837,0.2885869563206154,362772
299,PE,Scope1_PE_Bin1_Widefield_1Plane,CP_Broad_Phenix_NC_BIN1_1Plane_P2,False,52.22222222222223,0.3110864994189758,JUMP-MOA_compound_platemap,Widefield,3,,1,20,5,1,,none,23.0,,1.0,water,,,3.0,13.953488372093023,0.3900759670198648,362772
300,PE,Scope1_PE_Bin1_Widefield_1Plane,CP_Broad_Phenix_NC_BIN1_1Plane_P3,True,63.33333333333333,0.1699955469287327,JUMP-MOA_compound_platemap,Widefield,3,,1,20,5,1,,none,24.0,,1.0,water,,,3.0,18.6046511627907,0.2538345806618652,364413
301,PE,Scope1_PE_Bin1_Widefield_1Plane,CP_Broad_Phenix_NC_BIN1_1Plane_P3,False,51.11111111111111,0.3333410487823701,JUMP-MOA_compound_platemap,Widefield,3,,1,20,5,1,,none,24.0,,1.0,water,,,3.0,16.27906976744186,0.4161802126172493,364413
302,PE,Scope1_PE_Bin1_Widefield_1Plane,CP_Broad_Phenix_NC_BIN1_1Plane_P4,True,61.11111111111112,0.1698505001674377,JUMP-MOA_compound_platemap,Widefield,3,,1,20,5,1,,none,25.0,,1.0,water,,,3.0,27.906976744186046,0.2331916546748627,408123
303,PE,Scope1_PE_Bin1_Widefield_1Plane,CP_Broad_Phenix_NC_BIN1_1Plane_P4,False,46.66666666666666,0.3266242886082028,JUMP-MOA_compound_platemap,Widefield,3,,1,20,5,1,,none,25.0,,1.0,water,,,3.0,20.930232558139537,0.3775794473889014,408123
304,PE,Scope1_PE_Bin1_Widefield_3Plane,CP_Broad_Phenix_NC_BIN1_P1,True,57.77777777777777,0.2081837493723385,JUMP-MOA_compound_platemap,Widefield,3,,1,20,5,3,,none,26.0,,1.0,water,,,3.0,18.6046511627907,0.3333420035106404,351966
305,PE,Scope1_PE_Bin1_Widefield_3Plane,CP_Broad_Phenix_NC_BIN1_P1,False,52.22222222222223,0.3218913457550404,JUMP-MOA_compound_platemap,Widefield,3,,1,20,5,3,,none,26.0,,1.0,water,,,3.0,16.27906976744186,0.4167546281532267,351966
306,PE,Scope1_PE_Bin1_Widefield_3Plane,CP_Broad_Phenix_NC_BIN1_P2,True,61.11111111111112,0.1816423656853465,JUMP-MOA_compound_platemap,Widefield,3,,1,20,5,3,,none,27.0,,1.0,water,,,3.0,20.930232558139537,0.2727874243483253,360334
307,PE,Scope1_PE_Bin1_Widefield_3Plane,CP_Broad_Phenix_NC_BIN1_P2,False,52.22222222222223,0.3182902689313227,JUMP-MOA_compound_platemap,Widefield,3,,1,20,5,3,,none,27.0,,1.0,water,,,3.0,16.27906976744186,0.3719839886557171,360334
308,PE,Scope1_PE_Bin1_Widefield_3Plane,CP_Broad_Phenix_NC_BIN1_P3,True,63.33333333333333,0.1745610092584955,JUMP-MOA_compound_platemap,Widefield,3,,1,20,5,3,,none,28.0,,1.0,water,,,3.0,18.6046511627907,0.2716027092470958,361578
309,PE,Scope1_PE_Bin1_Widefield_3Plane,CP_Broad_Phenix_NC_BIN1_P3,False,50.0,0.3306071326696306,JUMP-MOA_compound_platemap,Widefield,3,,1,20,5,3,,none,28.0,,1.0,water,,,3.0,16.27906976744186,0.4042281862174423,361578
310,PE,Scope1_PE_Bin1_Widefield_3Plane,CP_Broad_Phenix_NC_BIN1_P4,True,58.88888888888889,0.1821792558258057,JUMP-MOA_compound_platemap,Widefield,3,,1,20,5,3,,none,29.0,,1.0,water,,,3.0,18.6046511627907,0.2642713964970517,403624
311,PE,Scope1_PE_Bin1_Widefield_3Plane,CP_Broad_Phenix_NC_BIN1_P4,False,46.66666666666666,0.3346968658236232,JUMP-MOA_compound_platemap,Widefield,3,,1,20,5,3,,none,29.0,,1.0,water,,,3.0,20.930232558139537,0.3716159892338049,403624
312,PE,Scope1_PE_Bin2_Confocal_1Plane,CPBroadPhenixC1PlaneP1,True,58.88888888888889,0.1889607184981199,JUMP-MOA_compound_platemap,Confocal,3,,2,20,5,1,,none,30.0,,1.0,water,,,3.0,13.953488372093023,0.2989855813384826,347861
313,PE,Scope1_PE_Bin2_Confocal_1Plane,CPBroadPhenixC1PlaneP1,False,51.11111111111111,0.2974089826826733,JUMP-MOA_compound_platemap,Confocal,3,,2,20,5,1,,none,30.0,,1.0,water,,,3.0,18.6046511627907,0.3596754624152748,347861
314,PE,Scope1_PE_Bin2_Confocal_1Plane,CPBroadPhenixC1PlaneP2,True,57.77777777777777,0.2066440311172066,JUMP-MOA_compound_platemap,Confocal,3,,2,20,5,1,,none,31.0,,1.0,water,,,3.0,20.930232558139537,0.2829756622172385,355872
315,PE,Scope1_PE_Bin2_Confocal_1Plane,CPBroadPhenixC1PlaneP2,False,50.0,0.3066710888384917,JUMP-MOA_compound_platemap,Confocal,3,,2,20,5,1,,none,31.0,,1.0,water,,,3.0,16.27906976744186,0.3932108838801334,355872
316,PE,Scope1_PE_Bin2_Confocal_1Plane,CPBroadPhenixC1PlaneP3,True,62.22222222222222,0.1932330364911977,JUMP-MOA_compound_platemap,Confocal,3,,2,20,5,1,,none,32.0,,1.0,water,,,3.0,25.58139534883721,0.2786808577170387,358346
317,PE,Scope1_PE_Bin2_Confocal_1Plane,CPBroadPhenixC1PlaneP3,False,53.333333333333336,0.3286331753660619,JUMP-MOA_compound_platemap,Confocal,3,,2,20,5,1,,none,32.0,,1.0,water,,,3.0,16.27906976744186,0.4088474452117089,358346
318,PE,Scope1_PE_Bin2_Confocal_1Plane,CPBroadPhenixC1PlaneP4,True,57.77777777777777,0.1941596321513081,JUMP-MOA_compound_platemap,Confocal,3,,2,20,5,1,,none,33.0,,1.0,water,,,3.0,23.25581395348837,0.2769341520956069,400114
319,PE,Scope1_PE_Bin2_Confocal_1Plane,CPBroadPhenixC1PlaneP4,False,45.55555555555556,0.3328634168602883,JUMP-MOA_compound_platemap,Confocal,3,,2,20,5,1,,none,33.0,,1.0,water,,,3.0,18.6046511627907,0.3779192474145931,400114
320,PE,Scope1_PE_Bin2_Confocal_3Plane,CPBroadPhenixCP1,True,58.88888888888889,0.2039883786198576,JUMP-MOA_compound_platemap,Confocal,3,,2,20,5,3,,none,34.0,,1.0,water,,,3.0,23.25581395348837,0.3171635969176469,347894
321,PE,Scope1_PE_Bin2_Confocal_3Plane,CPBroadPhenixCP1,False,53.333333333333336,0.2901375944502966,JUMP-MOA_compound_platemap,Confocal,3,,2,20,5,3,,none,34.0,,1.0,water,,,3.0,16.27906976744186,0.3871196251319714,347894
322,PE,Scope1_PE_Bin2_Confocal_3Plane,CPBroadPhenixCP2,True,60.0,0.2016383956343367,JUMP-MOA_compound_platemap,Confocal,3,,2,20,5,3,,none,35.0,,1.0,water,,,3.0,20.930232558139537,0.2990849739982033,355677
323,PE,Scope1_PE_Bin2_Confocal_3Plane,CPBroadPhenixCP2,False,55.55555555555556,0.294251446838806,JUMP-MOA_compound_platemap,Confocal,3,,2,20,5,3,,none,35.0,,1.0,water,,,3.0,13.953488372093023,0.3968455254926201,355677
324,PE,Scope1_PE_Bin2_Confocal_3Plane,CPBroadPhenixCP3,True,64.44444444444444,0.1933052586821354,JUMP-MOA_compound_platemap,Confocal,3,,2,20,5,3,,none,36.0,,1.0,water,,,3.0,23.25581395348837,0.2836555886916522,355968
325,PE,Scope1_PE_Bin2_Confocal_3Plane,CPBroadPhenixCP3,False,56.66666666666666,0.3346956860118468,JUMP-MOA_compound_platemap,Confocal,3,,2,20,5,3,,none,36.0,,1.0,water,,,3.0,18.6046511627907,0.4163236888660407,355968
326,PE,Scope1_PE_Bin2_Confocal_3Plane,CPBroadPhenixCP4,True,62.22222222222222,0.1964985660122217,JUMP-MOA_compound_platemap,Confocal,3,,2,20,5,3,,none,37.0,,1.0,water,,,3.0,20.930232558139537,0.2924323372716242,358126
327,PE,Scope1_PE_Bin2_Confocal_3Plane,CPBroadPhenixCP4,False,54.44444444444444,0.3359800634182916,JUMP-MOA_compound_platemap,Confocal,3,,2,20,5,3,,none,37.0,,1.0,water,,,3.0,18.6046511627907,0.4049513526752887,358126
328,PE,Scope1_PE_Bin2_Widefield_1Plane,CPBroadPhenixNC1PlaneP1,True,57.77777777777777,0.2013158595307324,JUMP-MOA_compound_platemap,Widefield,3,,2,20,5,1,,none,38.0,,1.0,water,,,3.0,20.930232558139537,0.3161919407153756,344830
329,PE,Scope1_PE_Bin2_Widefield_1Plane,CPBroadPhenixNC1PlaneP1,False,53.333333333333336,0.3070184910974363,JUMP-MOA_compound_platemap,Widefield,3,,2,20,5,1,,none,38.0,,1.0,water,,,3.0,16.27906976744186,0.3965382819598345,344830
330,PE,Scope1_PE_Bin2_Widefield_1Plane,CPBroadPhenixNC1PlaneP2,True,58.88888888888889,0.2165698141573574,JUMP-MOA_compound_platemap,Widefield,3,,2,20,5,1,,none,39.0,,1.0,water,,,3.0,20.930232558139537,0.3085350868923967,351711
331,PE,Scope1_PE_Bin2_Widefield_1Plane,CPBroadPhenixNC1PlaneP2,False,52.22222222222223,0.328990688498328,JUMP-MOA_compound_platemap,Widefield,3,,2,20,5,1,,none,39.0,,1.0,water,,,3.0,16.27906976744186,0.3815937535911486,351711
332,PE,Scope1_PE_Bin2_Widefield_1Plane,CPBroadPhenixNC1PlaneP3,True,62.22222222222222,0.1853677959336473,JUMP-MOA_compound_platemap,Widefield,3,,2,20,5,1,,none,40.0,,1.0,water,,,3.0,25.58139534883721,0.2744928764632325,353232
333,PE,Scope1_PE_Bin2_Widefield_1Plane,CPBroadPhenixNC1PlaneP3,False,48.888888888888886,0.3481426490092093,JUMP-MOA_compound_platemap,Widefield,3,,2,20,5,1,,none,40.0,,1.0,water,,,3.0,16.27906976744186,0.408413256494804,353232
334,PE,Scope1_PE_Bin2_Widefield_1Plane,CPBroadPhenixNC1PlaneP4,True,56.66666666666666,0.1794095662304712,JUMP-MOA_compound_platemap,Widefield,3,,2,20,5,1,,none,41.0,,1.0,water,,,3.0,23.25581395348837,0.2374377472242894,392415
335,PE,Scope1_PE_Bin2_Widefield_1Plane,CPBroadPhenixNC1PlaneP4,False,44.44444444444444,0.3285552985123235,JUMP-MOA_compound_platemap,Widefield,3,,2,20,5,1,,none,41.0,,1.0,water,,,3.0,20.930232558139537,0.3664808013818957,392415
336,PE,Scope1_PE_Bin2_Widefield_3Plane,CPBroadPhenixNCP2,True,57.77777777777777,0.2080205740215327,JUMP-MOA_compound_platemap,Widefield,3,,2,20,5,3,,none,43.0,,1.0,water,,,3.0,20.930232558139537,0.2884480092526317,349751
337,PE,Scope1_PE_Bin2_Widefield_3Plane,CPBroadPhenixNCP2,False,51.11111111111111,0.3343940007712091,JUMP-MOA_compound_platemap,Widefield,3,,2,20,5,3,,none,43.0,,1.0,water,,,3.0,13.953488372093023,0.4014197550654709,349751
338,PE,Scope1_PE_Bin2_Widefield_3Plane,CPBroadPhenixNCP3,True,62.22222222222222,0.1755359979630823,JUMP-MOA_compound_platemap,Widefield,3,,2,20,5,3,,none,44.0,,1.0,water,,,3.0,23.25581395348837,0.2498124560840288,350650
339,PE,Scope1_PE_Bin2_Widefield_3Plane,CPBroadPhenixNCP3,False,48.888888888888886,0.3444134299260563,JUMP-MOA_compound_platemap,Widefield,3,,2,20,5,3,,none,44.0,,1.0,water,,,3.0,16.27906976744186,0.4218931174141218,350650
340,PE,Scope1_PE_Bin2_Widefield_3Plane,CPBroadPhenixNCP4,True,56.66666666666666,0.1737912914863175,JUMP-MOA_compound_platemap,Widefield,3,,2,20,5,3,,none,45.0,,1.0,water,,,3.0,23.25581395348837,0.2530443344926338,389393
341,PE,Scope1_PE_Bin2_Widefield_3Plane,CPBroadPhenixNCP4,False,42.22222222222222,0.3387978450091681,JUMP-MOA_compound_platemap,Widefield,3,,2,20,5,3,,none,45.0,,1.0,water,,,3.0,16.27906976744186,0.3989178340562762,389393
342,Yokogawa_Japan,Scope1_Yokogawa_Japan_20X,20201021T092317,True,65.55555555555556,0.214148504432601,JUMP-MOA_compound_platemap,Confocal,9,,1,20,5,10,,none,46.0,,0.75,dry,,,9.0,25.58139534883721,0.3362827447326949,1250600
343,Yokogawa_Japan,Scope1_Yokogawa_Japan_20X,20201021T092317,False,53.333333333333336,0.3337165853218248,JUMP-MOA_compound_platemap,Confocal,9,,1,20,5,10,,none,46.0,,0.75,dry,,,9.0,18.6046511627907,0.4062557131299334,1250600
344,Yokogawa_Japan,Scope1_Yokogawa_Japan_40X,20201020T134356,True,44.44444444444444,0.1579600286885378,JUMP-MOA_compound_platemap,Confocal,2,,1,40,5,12,,none,47.0,,0.95,dry,no,,2.0,18.6046511627907,0.1820455120824907,59164
345,Yokogawa_Japan,Scope1_Yokogawa_Japan_40X,20201020T134356,False,37.77777777777778,0.2319724661515212,JUMP-MOA_compound_platemap,Confocal,2,,1,40,5,12,,none,47.0,,0.95,dry,no,,2.0,16.27906976744186,0.2224436364027817,59164
346,Yokogawa_US,Scope1_Yokogawa_US_10X,BRO0117014_10x,True,60.0,0.2337807110070825,JUMP-MOA_compound_platemap,Confocal,4,,1,10,6,12,10,none,48.0,,0.4,dry,yes,,4.0,20.930232558139537,0.3829596214792966,2047342
347,Yokogawa_US,Scope1_Yokogawa_US_10X,BRO0117014_10x,False,51.11111111111111,0.3398448151963369,JUMP-MOA_compound_platemap,Confocal,4,,1,10,6,12,10,none,48.0,,0.4,dry,yes,,4.0,18.6046511627907,0.4327943372445784,2047342
348,Yokogawa_US,Scope1_Yokogawa_US_20X_5Ch,BRO0117033_20xb,True,63.33333333333333,0.2561691049340204,JUMP-MOA_compound_platemap,Confocal,9,,1,20,5,1,none,none,49.0,,1.0,water,no,2.0,9.0,18.6046511627907,0.3639073760551033,1096617
349,Yokogawa_US,Scope1_Yokogawa_US_20X_5Ch,BRO0117033_20xb,False,51.11111111111111,0.3660946058269861,JUMP-MOA_compound_platemap,Confocal,9,,1,20,5,1,none,none,49.0,,1.0,water,no,2.0,9.0,16.27906976744186,0.4498728450111214,1096617
350,Yokogawa_US,Scope1_Yokogawa_US_20X_5Ch,BRO0117056_20x,True,62.22222222222222,0.2014995507564473,JUMP-MOA_compound_platemap,Confocal,9,,1,20,5,1,none,none,50.0,,1.0,water,no,2.0,9.0,23.25581395348837,0.3060961517377332,1191329
351,Yokogawa_US,Scope1_Yokogawa_US_20X_5Ch,BRO0117056_20x,False,48.888888888888886,0.3344867155440851,JUMP-MOA_compound_platemap,Confocal,9,,1,20,5,1,none,none,50.0,,1.0,water,no,2.0,9.0,18.6046511627907,0.4207632107294846,1191329
352,Yokogawa_US,Scope1_Yokogawa_US_20X_5Ch_12Z,BRO0117056_20xb,True,66.66666666666666,0.2012896206816389,JUMP-MOA_compound_platemap,Confocal,9,,1,20,5,12,none,none,51.0,,1.0,water,no,2.0,9.0,23.25581395348837,0.3223468743598126,1193638
353,Yokogawa_US,Scope1_Yokogawa_US_20X_5Ch_12Z,BRO0117056_20xb,False,53.333333333333336,0.3637173850010251,JUMP-MOA_compound_platemap,Confocal,9,,1,20,5,12,none,none,51.0,,1.0,water,no,2.0,9.0,25.58139534883721,0.4468657704518721,1193638
356,Yokogawa_US,Scope1_Yokogawa_US_20X_6Ch_BRO0117059,BRO0117059_20X,True,64.44444444444444,0.3184569183686436,JUMP-MOA_compound_platemap,Confocal,9,,1,20,6,12,15,none,53.0,,1.0,water,yes,4.0,9.0,20.930232558139537,0.4711488092236853,1136319
357,Yokogawa_US,Scope1_Yokogawa_US_20X_6Ch_BRO0117059,BRO0117059_20X,False,58.88888888888889,0.4456205778684001,JUMP-MOA_compound_platemap,Confocal,9,,1,20,6,12,15,none,53.0,,1.0,water,yes,4.0,9.0,18.6046511627907,0.5196662712562692,1136319
358,Yokogawa_US,Scope1_Yokogawa_US_20X_6Ch_BRO01177034,BRO01177034_20x,True,60.0,0.2146433140771407,JUMP-MOA_compound_platemap,Confocal,9,,1,20,6,12,13,none,54.0,,1.0,water,yes,1.0,9.0,25.58139534883721,0.3241341682358566,1045379
359,Yokogawa_US,Scope1_Yokogawa_US_20X_6Ch_BRO01177034,BRO01177034_20x,False,52.22222222222223,0.2955941758682622,JUMP-MOA_compound_platemap,Confocal,9,,1,20,6,12,13,none,54.0,,1.0,water,yes,1.0,9.0,20.930232558139537,0.3688232257557767,1045379
360,Yokogawa_US,Scope1_Yokogawa_US_40X_BRO0117059,BRO0117059_40x,True,57.77777777777777,0.1906984669547408,JUMP-MOA_compound_platemap,Confocal,9,,1,40,6,12,15,none,55.0,,1.0,water,yes,4.0,9.0,20.930232558139537,0.2656205804405999,279900
361,Yokogawa_US,Scope1_Yokogawa_US_40X_BRO0117059,BRO0117059_40x,False,44.44444444444444,0.3848803494597252,JUMP-MOA_compound_platemap,Confocal,9,,1,40,6,12,15,none,55.0,,1.0,water,yes,4.0,9.0,13.953488372093023,0.4560427372282144,279900
