Vendor,Batch,Plate_Map_Name,Assay_Plate_Barcode,Modality,Images_per_well,Sites-SubSampled,Binning,Magnification,Number_of_channels,z_plane,BF_Zplanes,aperture,dry-immersion,vs-brightfield,simultaneous-excitation,sites,Size_MB,Size_MB_std,sphering,value_95_replicating,Percent_Replicating,channel_names,brightfield_z_plane_used,feature_channels_found,Percent_Matching,value_95_matching,cell_count
MolDev,Scope1_MolDev_10X,JUMP-MOA_compound_platemap,Plate2_PCO_6ch_4site_10XPA,Widefield,4,,1,10,6,1,,0.45,dry,,,4,52.47633351,0.000144228,True,0.191908312,60.0,"Actin, DNA, ER, Golgi, Mito, RNA",,"Actin, DNA, ER, Golgi, Mito, RNA",23.25581395,0.288098937,2014937
MolDev,Scope1_MolDev_10X,JUMP-MOA_compound_platemap,Plate3_PCO_6ch_4site_10XPA_Crest,Confocal,4,,1,10,6,1,,0.45,dry,,,4,52.47651427,0.000183266,True,0.269617049,62.22222222,"Actin, DNA, ER, Golgi, Mito, RNA",,"Actin, DNA, ER, Golgi, Mito, RNA",18.60465116,0.398249258,2413350
MolDev,Scope1_MolDev_10X_4siteZ,JUMP-MOA_compound_platemap,Plate3_PCO_6ch_4site_10XPA_Crestz,Confocal,4,,1,10,6,3,,0.45,dry,,,4,52.47663139,0.000141883,True,0.205120626,66.66666667,"Actin, DNA, ER, Golgi, Mito, RNA",,"Actin, DNA, ER, Golgi, Mito, RNA",23.25581395,0.363113638,2381443
MolDev,Scope1_MolDev_20X_4site,JUMP-MOA_compound_platemap,Plate3_PCO_6ch_4site_20XPA_Crestz,Confocal,4,,1,20,6,3,,0.75,dry,,,4,52.47662934,0.000114457,True,0.182629965,57.77777778,"Actin, DNA, ER, Golgi, Mito, RNA",,"Actin, DNA, ER, Golgi, Mito, RNA",18.60465116,0.279178305,527841
MolDev,Scope1_MolDev_20X_9site,JUMP-MOA_compound_platemap,Plate2_PCO_6ch_9site_20XPA,Widefield,9,,1,20,6,1,,0.75,dry,,,9,52.47633409,0.00015339,True,0.184205108,67.77777778,"Actin, DNA, ER, Golgi, Mito, RNA",,"Actin, DNA, ER, Golgi, Mito, RNA",23.25581395,0.291127135,1101611
MolDev,Scope1_MolDev_20X_9site,JUMP-MOA_compound_platemap,Plate3_PCO_6ch_9site_20XPA_Crest,Confocal,9,,1,20,6,1,,0.75,dry,,,9,52.4764107,0.000114381,True,0.32165274,58.88888889,"Actin, DNA, ER, Golgi, Mito, RNA",,"Actin, DNA, ER, Golgi, Mito, RNA",20.93023256,0.460755989,1253387
Nikon,Scope1_Nikon_10X,JUMP-MOA_compound_platemap,BR00117060a10x,Widefield,1,,1,10,4,1,,0.45,dry,,,1,8.3635584,6.385515911,True,0.230399889,42.22222222,"AGP, DNA, ER, Mito",,"AGP, DNA, ER, Mito",16.27906977,0.351932883,929255
Nikon,Scope1_Nikon_10X,JUMP-MOA_compound_platemap,BR00117061a10x,Widefield,1,,1,10,4,1,,0.45,dry,,,1,8.3635584,6.385515911,True,0.222151325,54.54545455,"AGP, DNA, ER, Mito",,"AGP, DNA, ER, Mito",19.51219512,0.316843913,938495
Nikon,Scope1_Nikon_10X,JUMP-MOA_compound_platemap,BR00117062a10x,Widefield,1,,1,10,4,1,,0.45,dry,,,1,8.367766062,6.406564858,True,0.232174994,40.0,"AGP, DNA, ER, Mito",,"AGP, DNA, ER, Mito",16.27906977,0.309774887,925656
Nikon,Scope1_Nikon_10X,JUMP-MOA_compound_platemap,BR00117063b10x,Widefield,1,,1,10,4,1,,0.45,dry,,,1,8.3635584,6.385515911,True,0.202974755,44.94382022,"AGP, DNA, ER, Mito",,"AGP, DNA, ER, Mito",16.66666667,0.331668112,910533
Nikon,Scope1_Nikon_20X,JUMP-MOA_compound_platemap,BR00117061a,Widefield,9,,1,20,4,1,,0.75,dry,,,9,9.872705524,27.71715326,True,0.243914744,65.55555556,"AGP, DNA, ER, Mito",,"AGP, DNA, ER, Mito",23.25581395,0.379397203,2330204
Nikon,Scope1_Nikon_20X,JUMP-MOA_compound_platemap,BR00117062a,Widefield,9,,1,20,4,1,,0.75,dry,,,9,9.874534886,27.72811647,True,0.230358144,55.55555556,"AGP, DNA, ER, Mito",,"AGP, DNA, ER, Mito",18.60465116,0.351032636,2301607
Nikon,Scope1_Nikon_20X,JUMP-MOA_compound_platemap,BR00117063b,Widefield,9,,1,20,4,1,,0.75,dry,,,9,9.873193143,27.72026359,True,0.320615916,51.11111111,"AGP, DNA, ER, Mito",,"AGP, DNA, ER, Mito",18.60465116,0.468483991,2274867
PE,Scope1_PE_Bin1_Confocal_1Plane,JUMP-MOA_compound_platemap,CP_Broad_Phenix_C_BIN1_1Plane_P1,Confocal,3,,1,20,5,1,,1.0,water,,,3,9.52637689,2.056519138,True,0.201448244,61.11111111,"DNA, ER, Mito, RNA, WGPhalloidin",,"DNA, ER, Mito, RNA, WGPhalloidin",16.27906977,0.299938254,359491
PE,Scope1_PE_Bin1_Confocal_1Plane,JUMP-MOA_compound_platemap,CP_Broad_Phenix_C_BIN1_1Plane_P2,Confocal,3,,1,20,5,1,,1.0,water,,,3,9.484644246,2.025928931,True,0.216405547,56.66666667,"DNA, ER, Mito, RNA, WGPhalloidin",,"DNA, ER, Mito, RNA, WGPhalloidin",23.25581395,0.318903874,368727
PE,Scope1_PE_Bin1_Confocal_1Plane,JUMP-MOA_compound_platemap,CP_Broad_Phenix_C_BIN1_1Plane_P3,Confocal,3,,1,20,5,1,,1.0,water,,,3,9.352902418,1.995189489,True,0.188732694,53.33333333,"DNA, ER, Mito, RNA, WGPhalloidin",,"DNA, ER, Mito, RNA, WGPhalloidin",23.25581395,0.268884243,369895
PE,Scope1_PE_Bin1_Confocal_1Plane,JUMP-MOA_compound_platemap,CP_Broad_Phenix_C_BIN1_1Plane_P4,Confocal,3,,1,20,5,1,,1.0,water,,,3,9.587194773,1.98962242,True,0.201180331,57.77777778,"DNA, ER, Mito, RNA, WGPhalloidin",,"DNA, ER, Mito, RNA, WGPhalloidin",20.93023256,0.29842615,416408
PE,Scope1_PE_Bin1_Confocal_3Plane,JUMP-MOA_compound_platemap,CP_Broad_Phenix_C_BIN1_P1,Confocal,3,,1,20,5,3,,1.0,water,,,3,9.427739027,1.77055152,True,0.195688722,58.88888889,"DNA, ER, Mito, RNA, WGPhalloidin",,"DNA, ER, Mito, RNA, WGPhalloidin",20.93023256,0.307446156,359818
PE,Scope1_PE_Bin1_Confocal_3Plane,JUMP-MOA_compound_platemap,CP_Broad_Phenix_C_BIN1_P2,Confocal,3,,1,20,5,3,,1.0,water,,,3,9.400030114,1.744417859,True,0.221551864,57.77777778,"DNA, ER, Mito, RNA, WGPhalloidin",,"DNA, ER, Mito, RNA, WGPhalloidin",23.25581395,0.342054215,368742
PE,Scope1_PE_Bin1_Confocal_3Plane,JUMP-MOA_compound_platemap,CP_Broad_Phenix_C_BIN1_P3,Confocal,3,,1,20,5,3,,1.0,water,,,3,9.294915464,1.715098761,True,0.186776918,57.77777778,"DNA, ER, Mito, RNA, WGPhalloidin",,"DNA, ER, Mito, RNA, WGPhalloidin",18.60465116,0.280700669,370393
PE,Scope1_PE_Bin1_Confocal_3Plane,JUMP-MOA_compound_platemap,CP_Broad_Phenix_C_BIN1_P4,Confocal,3,,1,20,5,3,,1.0,water,,,3,9.47382234,1.716538329,True,0.202491447,57.77777778,"DNA, ER, Mito, RNA, WGPhalloidin",,"DNA, ER, Mito, RNA, WGPhalloidin",23.25581395,0.294927264,416634
PE,Scope1_PE_Bin1_Widefield_1Plane,JUMP-MOA_compound_platemap,CP_Broad_Phenix_NC_BIN1_1Plane_P1,Widefield,3,,1,20,5,1,,1.0,water,,,3,9.36127322,1.410804045,True,0.190440183,58.88888889,"DNA, ER, Mito, RNA, WGPhalloidin",,"DNA, ER, Mito, RNA, WGPhalloidin",20.93023256,0.313421038,354572
PE,Scope1_PE_Bin1_Widefield_1Plane,JUMP-MOA_compound_platemap,CP_Broad_Phenix_NC_BIN1_1Plane_P2,Widefield,3,,1,20,5,1,,1.0,water,,,3,9.244346441,1.354503586,True,0.196677143,57.77777778,"DNA, ER, Mito, RNA, WGPhalloidin",,"DNA, ER, Mito, RNA, WGPhalloidin",25.58139535,0.286941749,362772
PE,Scope1_PE_Bin1_Widefield_1Plane,JUMP-MOA_compound_platemap,CP_Broad_Phenix_NC_BIN1_1Plane_P3,Widefield,3,,1,20,5,1,,1.0,water,,,3,9.07862732,1.285123915,True,0.180676628,58.88888889,"DNA, ER, Mito, RNA, WGPhalloidin",,"DNA, ER, Mito, RNA, WGPhalloidin",18.60465116,0.253652379,364413
PE,Scope1_PE_Bin1_Widefield_1Plane,JUMP-MOA_compound_platemap,CP_Broad_Phenix_NC_BIN1_1Plane_P4,Widefield,3,,1,20,5,1,,1.0,water,,,3,9.285375732,1.356850855,True,0.17460623,60.0,"DNA, ER, Mito, RNA, WGPhalloidin",,"DNA, ER, Mito, RNA, WGPhalloidin",25.58139535,0.261259009,408123
PE,Scope1_PE_Bin1_Widefield_3Plane,JUMP-MOA_compound_platemap,CP_Broad_Phenix_NC_BIN1_P1,Widefield,3,,1,20,5,3,,1.0,water,,,3,9.352243913,1.218635234,True,0.204297059,58.88888889,"DNA, ER, Mito, RNA, WGPhalloidin",,"DNA, ER, Mito, RNA, WGPhalloidin",18.60465116,0.329764301,351966
PE,Scope1_PE_Bin1_Widefield_3Plane,JUMP-MOA_compound_platemap,CP_Broad_Phenix_NC_BIN1_P2,Widefield,3,,1,20,5,3,,1.0,water,,,3,9.264655142,1.169530482,True,0.194248316,57.77777778,"DNA, ER, Mito, RNA, WGPhalloidin",,"DNA, ER, Mito, RNA, WGPhalloidin",23.25581395,0.28239562,360334
PE,Scope1_PE_Bin1_Widefield_3Plane,JUMP-MOA_compound_platemap,CP_Broad_Phenix_NC_BIN1_P3,Widefield,3,,1,20,5,3,,1.0,water,,,3,9.139748504,1.114549894,True,0.185537282,61.11111111,"DNA, ER, Mito, RNA, WGPhalloidin",,"DNA, ER, Mito, RNA, WGPhalloidin",20.93023256,0.27568306,361578
PE,Scope1_PE_Bin1_Widefield_3Plane,JUMP-MOA_compound_platemap,CP_Broad_Phenix_NC_BIN1_P4,Widefield,3,,1,20,5,3,,1.0,water,,,3,9.294385866,1.171688341,True,0.189474888,57.77777778,"DNA, ER, Mito, RNA, WGPhalloidin",,"DNA, ER, Mito, RNA, WGPhalloidin",20.93023256,0.273147085,403624
PE,Scope1_PE_Bin2_Confocal_1Plane,JUMP-MOA_compound_platemap,CPBroadPhenixC1PlaneP1,Confocal,3,,2,20,5,1,,1.0,water,,,3,2.527899264,0.441258404,True,0.184996655,58.88888889,"DNA, ER, Mito, RNA, WGPhalloidin",,"DNA, ER, Mito, RNA, WGPhalloidin",23.25581395,0.283651417,347861
PE,Scope1_PE_Bin2_Confocal_1Plane,JUMP-MOA_compound_platemap,CPBroadPhenixC1PlaneP2,Confocal,3,,2,20,5,1,,1.0,water,,,3,2.511724217,0.438516445,True,0.196983165,60.0,"DNA, ER, Mito, RNA, WGPhalloidin",,"DNA, ER, Mito, RNA, WGPhalloidin",23.25581395,0.29585612,355872
PE,Scope1_PE_Bin2_Confocal_1Plane,JUMP-MOA_compound_platemap,CPBroadPhenixC1PlaneP3,Confocal,3,,2,20,5,1,,1.0,water,,,3,2.496831201,0.432485876,True,0.190546303,60.0,"DNA, ER, Mito, RNA, WGPhalloidin",,"DNA, ER, Mito, RNA, WGPhalloidin",23.25581395,0.29728665,358346
PE,Scope1_PE_Bin2_Confocal_1Plane,JUMP-MOA_compound_platemap,CPBroadPhenixC1PlaneP4,Confocal,3,,2,20,5,1,,1.0,water,,,3,2.539198042,0.441607226,True,0.183813956,55.55555556,"DNA, ER, Mito, RNA, WGPhalloidin",,"DNA, ER, Mito, RNA, WGPhalloidin",23.25581395,0.261483186,400114
PE,Scope1_PE_Bin2_Confocal_3Plane,JUMP-MOA_compound_platemap,CPBroadPhenixCP1,Confocal,3,,2,20,5,3,,1.0,water,,,3,2.469308975,0.388001751,True,0.2058372,58.88888889,"DNA, ER, Mito, RNA, WGPhalloidin",,"DNA, ER, Mito, RNA, WGPhalloidin",16.27906977,0.322892062,347894
PE,Scope1_PE_Bin2_Confocal_3Plane,JUMP-MOA_compound_platemap,CPBroadPhenixCP2,Confocal,3,,2,20,5,3,,1.0,water,,,3,2.456927202,0.38430365,True,0.190336191,58.88888889,"AGP, DNA, ER, Mito, RNA",,"DNA, ER, Mito, RNA",23.25581395,0.299158634,355677
PE,Scope1_PE_Bin2_Confocal_3Plane,JUMP-MOA_compound_platemap,CPBroadPhenixCP3,Confocal,3,,2,20,5,3,,1.0,water,,,3,2.444871486,0.377457066,True,0.187149417,64.44444444,"AGP, DNA, ER, Mito, RNA",,"DNA, ER, Mito, RNA",20.93023256,0.299765999,355968
PE,Scope1_PE_Bin2_Confocal_3Plane,JUMP-MOA_compound_platemap,CPBroadPhenixCP4,Confocal,3,,2,20,5,3,,1.0,water,,,3,2.477544598,0.389989893,True,0.184297813,60.0,"AGP, DNA, ER, Mito, RNA",,"DNA, ER, Mito, RNA",20.93023256,0.280995739,358126
PE,Scope1_PE_Bin2_Widefield_1Plane,JUMP-MOA_compound_platemap,CPBroadPhenixNC1PlaneP1,Widefield,3,,2,20,5,1,,1.0,water,,,3,2.519741514,0.358388782,True,0.212164029,56.66666667,"DNA, ER, Mito, RNA, WGPhalloidin",,"DNA, ER, Mito, RNA, WGPhalloidin",18.60465116,0.317596597,344830
PE,Scope1_PE_Bin2_Widefield_1Plane,JUMP-MOA_compound_platemap,CPBroadPhenixNC1PlaneP2,Widefield,3,,2,20,5,1,,1.0,water,,,3,2.484223022,0.346356315,True,0.214025959,60.0,"DNA, ER, Mito, RNA, WGPhalloidin",,"DNA, ER, Mito, RNA, WGPhalloidin",25.58139535,0.313396708,351711
PE,Scope1_PE_Bin2_Widefield_1Plane,JUMP-MOA_compound_platemap,CPBroadPhenixNC1PlaneP3,Widefield,3,,2,20,5,1,,1.0,water,,,3,2.449872114,0.340311539,True,0.19465167,58.88888889,"DNA, ER, Mito, RNA, WGPhalloidin",,"DNA, ER, Mito, RNA, WGPhalloidin",20.93023256,0.302671764,353232
PE,Scope1_PE_Bin2_Widefield_1Plane,JUMP-MOA_compound_platemap,CPBroadPhenixNC1PlaneP4,Widefield,3,,2,20,5,1,,1.0,water,,,3,2.488857568,0.348682256,True,0.181854529,56.66666667,"DNA, ER, Mito, RNA, WGPhalloidin",,"DNA, ER, Mito, RNA, WGPhalloidin",25.58139535,0.247146701,392415
PE,Scope1_PE_Bin2_Widefield_3Plane,JUMP-MOA_compound_platemap,CPBroadPhenixNCP1,Widefield,3,,2,20,5,3,,1.0,water,,,3,2.472900559,0.320289209,True,0.207632753,58.88888889,"AGP, DNA, ER, Mito, RNA",,"DNA, ER, Mito, RNA",20.93023256,0.322605753,343328
PE,Scope1_PE_Bin2_Widefield_3Plane,JUMP-MOA_compound_platemap,CPBroadPhenixNCP2,Widefield,3,,2,20,5,3,,1.0,water,,,3,2.446370619,0.306500212,True,0.206779379,58.88888889,"DNA, ER, Mito, RNA, WGPhalloidin",,"DNA, ER, Mito, RNA, WGPhalloidin",20.93023256,0.289661889,349751
PE,Scope1_PE_Bin2_Widefield_3Plane,JUMP-MOA_compound_platemap,CPBroadPhenixNCP3,Widefield,3,,2,20,5,3,,1.0,water,,,3,2.420489624,0.298491263,True,0.181645249,62.22222222,"DNA, ER, Mito, RNA, WGPhalloidin",,"DNA, ER, Mito, RNA, WGPhalloidin",20.93023256,0.279013395,350650
PE,Scope1_PE_Bin2_Widefield_3Plane,JUMP-MOA_compound_platemap,CPBroadPhenixNCP4,Widefield,3,,2,20,5,3,,1.0,water,,,3,2.449472851,0.308955914,True,0.186480996,55.55555556,"DNA, ER, Mito, RNA, WGPhalloidin",,"DNA, ER, Mito, RNA, WGPhalloidin",23.25581395,0.269742358,389393
Yokogawa_Japan,Scope1_Yokogawa_Japan_20X,JUMP-MOA_compound_platemap,20201021T092317,Confocal,9,,1,20,5,10,,0.75,dry,,,9,6.732652408,1.447818101,True,0.213402495,64.44444444,"AGP, DNA, ER, Mito, RNA",,"AGP, DNA, ER, Mito, RNA",23.25581395,0.35042907,1250600
Yokogawa_Japan,Scope1_Yokogawa_Japan_40X,JUMP-MOA_compound_platemap,20201020T134356,Confocal,2,,1,40,5,12,,0.95,dry,no,,2,6.472608521,1.473862554,True,0.14815972,48.88888889,"AGP, DNA, ER, Mito, RNA",,"AGP, DNA, ER, Mito, RNA",18.60465116,0.183051236,59164
Yokogawa_US,Scope1_Yokogawa_US_10X,JUMP-MOA_compound_platemap,BRO0117014_10x,Confocal,4,,1,10,6,12,10,0.4,dry,yes,2.0,4,8.005537078,0.124906237,True,0.218493367,56.66666667,"AGP, BrightField, DNA, ER, Mito, RNA",Z06,"AGP, BrightField, DNA, ER, Mito, RNA",23.25581395,0.356313642,2047342
Yokogawa_US,Scope1_Yokogawa_US_20X_5Ch,JUMP-MOA_compound_platemap,BRO0117033_20xb,Confocal,9,,1,20,5,1,none,1.0,water,no,2.0,9,8.003584569,3.32e-05,True,0.252756368,61.11111111,"AGP, DNA, ER, Mito, RNA",,"AGP, DNA, ER, Mito, RNA",18.60465116,0.38289855,1096617
Yokogawa_US,Scope1_Yokogawa_US_20X_5Ch,JUMP-MOA_compound_platemap,BRO0117056_20x,Confocal,9,,1,20,5,1,none,1.0,water,no,2.0,9,8.003585009,4.42e-05,True,0.210538432,58.88888889,"AGP, DNA, ER, Mito, RNA",,"AGP, DNA, ER, Mito, RNA",25.58139535,0.311181249,1191329
Yokogawa_US,Scope1_Yokogawa_US_20X_5Ch_12Z,JUMP-MOA_compound_platemap,BRO0117056_20xb,Confocal,9,,1,20,5,12,none,1.0,water,no,2.0,9,8.003585009,4.42e-05,True,0.200606075,66.66666667,"AGP, DNA, ER, Mito, RNA",,"AGP, DNA, ER, Mito, RNA",23.25581395,0.296856063,1193638
Yokogawa_US,Scope1_Yokogawa_US_20X_6Ch_BRO0117059,JUMP-MOA_compound_platemap,BRO0117059_20X,Confocal,9,,1,20,6,12,15,1.0,water,yes,4.0,9,7.954438655,0.000583079,True,0.281238555,61.11111111,"AGP, BrightField, DNA, ER, Mito, RNA",Z08,"AGP, BrightField, DNA, ER, Mito, RNA",23.25581395,0.430395691,1136319
Yokogawa_US,Scope1_Yokogawa_US_20X_6Ch_BRO01177034,JUMP-MOA_compound_platemap,BRO01177034_20x,Confocal,9,,1,20,6,12,13,1.0,water,yes,1.0,9,8.003584099,1.38e-05,True,0.20686714,58.88888889,"AGP, BrightField, DNA, ER, Mito, RNA",Z17,"AGP, BrightField, DNA, ER, Mito, RNA",18.60465116,0.318081075,1045379
Yokogawa_US,Scope1_Yokogawa_US_40X_BRO0117059,JUMP-MOA_compound_platemap,BRO0117059_40x,Confocal,9,,1,40,6,12,15,1.0,water,yes,4.0,9,7.971628413,0.080201351,True,0.181966933,54.44444444,"AGP, BrightField, DNA, ER, Mito, RNA",Z08,"AGP, BrightField, DNA, ER, Mito, RNA",18.60465116,0.266649896,279900
MolDev,1siteSubSample_Scope1_MolDev_10X,JUMP-MOA_compound_platemap,Plate2_PCO_6ch_4site_10XPA,Confocal,4,1.0,1,10,6,1,,0.45,dry,,,1,52.47633351,0.000144228,True,0.1719121066088982,53.333333333333336,"Actin, DNA, ER, Golgi, Mito, RNA",,"Actin, DNA, ER, Golgi, Mito, RNA",18.6046511627907,0.2263478725745847,511430
MolDev,1siteSubSample_Scope1_MolDev_10X,JUMP-MOA_compound_platemap,Plate3_PCO_6ch_4site_10XPA_Crest,Confocal,4,1.0,1,10,6,1,,0.45,dry,,,1,52.47651427,0.000183266,True,0.1661732313693741,61.11111111111112,"Actin, DNA, ER, Golgi, Mito, RNA",,"Actin, DNA, ER, Golgi, Mito, RNA",20.930232558139537,0.2457795957707421,617546
MolDev,1siteSubSample_Scope1_MolDev_10X_4siteZ,JUMP-MOA_compound_platemap,Plate3_PCO_6ch_4site_10XPA_Crestz,Confocal,4,1.0,1,10,6,1,,0.45,dry,,,1,52.47663139,0.000141883,True,0.1520213962713516,63.33333333333333,"Actin, DNA, ER, Golgi, Mito, RNA",,"Actin, DNA, ER, Golgi, Mito, RNA",20.930232558139537,0.2300612031804189,608864
MolDev,1siteSubSample_Scope1_MolDev_20X_4site,JUMP-MOA_compound_platemap,Plate3_PCO_6ch_4site_20XPA_Crestz,Confocal,4,1.0,1,20,6,1,,0.75,dry,,,1,52.47662934,0.000114457,True,0.1688300710005543,51.11111111111111,"Actin, DNA, ER, Golgi, Mito, RNA",,"Actin, DNA, ER, Golgi, Mito, RNA",16.27906976744186,0.2051191673308677,132155
MolDev,1siteSubSample_Scope1_MolDev_20X_9site,JUMP-MOA_compound_platemap,Plate2_PCO_6ch_9site_20XPA,Confocal,9,1.0,1,20,6,1,,0.75,dry,,,1,52.47633409,0.00015339,True,0.1726454877439935,52.22222222222223,"Actin, DNA, ER, Golgi, Mito, RNA",,"Actin, DNA, ER, Golgi, Mito, RNA",18.6046511627907,0.211848594462202,137083
MolDev,1siteSubSample_Scope1_MolDev_20X_9site,JUMP-MOA_compound_platemap,Plate3_PCO_6ch_9site_20XPA_Crest,Confocal,9,1.0,1,20,6,1,,0.75,dry,,,1,52.4764107,0.000114381,True,0.1560834215973842,54.44444444444444,"Actin, DNA, ER, Golgi, Mito, RNA",,"Actin, DNA, ER, Golgi, Mito, RNA",20.930232558139537,0.1915847835550424,146416
Nikon,1siteSubSample_Scope1_Nikon_20X,JUMP-MOA_compound_platemap,BR00117061a,Widefield,9,1.0,1,20,4,3,,0.75,dry,,,1,9.872705524,27.71715326,True,0.1878505472763351,50.0,"AGP, DNA, ER, Mito",,"AGP, DNA, ER, Mito",16.27906976744186,0.271533044178009,249089
Nikon,1siteSubSample_Scope1_Nikon_20X,JUMP-MOA_compound_platemap,BR00117062a,Widefield,9,1.0,1,20,4,3,,0.75,dry,,,1,9.874534886,27.72811647,True,0.1639077485085414,42.22222222222222,"AGP, DNA, ER, Mito",,"AGP, DNA, ER, Mito",20.930232558139537,0.1988353618286766,251168
Nikon,1siteSubSample_Scope1_Nikon_20X,JUMP-MOA_compound_platemap,BR00117063b,Widefield,9,1.0,1,20,4,3,,0.75,dry,,,1,9.873193143,27.72026359,True,0.139178774792527,40.0,"AGP, DNA, ER, Mito",,"AGP, DNA, ER, Mito",16.27906976744186,0.1456821240750039,247467
PE,1siteSubSample_Scope1_PE_Bin1_Confocal_1Plane,JUMP-MOA_compound_platemap,CP_Broad_Phenix_C_BIN1_1Plane_P1,Confocal,3,1.0,1,20,5,3,,1.0,water,,,1,9.52637689,2.056519138,True,0.1554286194968016,54.44444444444444,"DNA, ER, Mito, RNA, WGPhalloidin",,"DNA, ER, Mito, RNA, WGPhalloidin",18.6046511627907,0.2064389800267798,118366
PE,1siteSubSample_Scope1_PE_Bin1_Confocal_1Plane,JUMP-MOA_compound_platemap,CP_Broad_Phenix_C_BIN1_1Plane_P2,Confocal,3,1.0,1,20,5,3,,1.0,water,,,1,9.484644246,2.025928931,True,0.1619616626640289,51.11111111111111,"DNA, ER, Mito, RNA, WGPhalloidin",,"DNA, ER, Mito, RNA, WGPhalloidin",23.25581395348837,0.1932873762492696,121803
PE,1siteSubSample_Scope1_PE_Bin1_Confocal_1Plane,JUMP-MOA_compound_platemap,CP_Broad_Phenix_C_BIN1_1Plane_P3,Confocal,3,1.0,1,20,5,3,,1.0,water,,,1,9.352902418,1.995189489,True,0.1526866671469794,48.888888888888886,"DNA, ER, Mito, RNA, WGPhalloidin",,"DNA, ER, Mito, RNA, WGPhalloidin",18.6046511627907,0.2052374469812135,120897
PE,1siteSubSample_Scope1_PE_Bin1_Confocal_1Plane,JUMP-MOA_compound_platemap,CP_Broad_Phenix_C_BIN1_1Plane_P4,Confocal,3,1.0,1,20,5,1,,1.0,water,,,1,9.587194773,1.98962242,True,0.1727507685110234,50.0,"DNA, ER, Mito, RNA, WGPhalloidin",,"DNA, ER, Mito, RNA, WGPhalloidin",13.953488372093023,0.2423055183886481,122580
PE,1siteSubSample_Scope1_PE_Bin1_Confocal_3Plane,JUMP-MOA_compound_platemap,CP_Broad_Phenix_C_BIN1_P1,Confocal,3,1.0,1,20,5,1,,1.0,water,,,1,9.427739027,1.77055152,True,0.1549898360116121,58.88888888888889,"DNA, ER, Mito, RNA, WGPhalloidin",,"DNA, ER, Mito, RNA, WGPhalloidin",16.27906976744186,0.218599833142022,118403
PE,1siteSubSample_Scope1_PE_Bin1_Confocal_3Plane,JUMP-MOA_compound_platemap,CP_Broad_Phenix_C_BIN1_P2,Confocal,3,1.0,1,20,5,1,,1.0,water,,,1,9.400030114,1.744417859,True,0.1664177431978217,54.44444444444444,"DNA, ER, Mito, RNA, WGPhalloidin",,"DNA, ER, Mito, RNA, WGPhalloidin",18.6046511627907,0.2072512963030656,121765
PE,1siteSubSample_Scope1_PE_Bin1_Confocal_3Plane,JUMP-MOA_compound_platemap,CP_Broad_Phenix_C_BIN1_P3,Confocal,3,1.0,1,20,5,1,,1.0,water,,,1,9.294915464,1.715098761,True,0.1571101646424678,51.11111111111111,"DNA, ER, Mito, RNA, WGPhalloidin",,"DNA, ER, Mito, RNA, WGPhalloidin",20.930232558139537,0.2161121397578069,120942
PE,1siteSubSample_Scope1_PE_Bin1_Confocal_3Plane,JUMP-MOA_compound_platemap,CP_Broad_Phenix_C_BIN1_P4,Confocal,3,1.0,1,20,5,1,,1.0,water,,,1,9.47382234,1.716538329,True,0.1774460225786051,53.333333333333336,"DNA, ER, Mito, RNA, WGPhalloidin",,"DNA, ER, Mito, RNA, WGPhalloidin",20.930232558139537,0.2436710078717179,122600
PE,1siteSubSample_Scope1_PE_Bin1_Widefield_1Plane,JUMP-MOA_compound_platemap,CP_Broad_Phenix_NC_BIN1_1Plane_P1,Widefield,3,1.0,1,20,5,1,,1.0,water,,,1,9.36127322,1.410804045,True,0.1514704944067309,54.44444444444444,"DNA, ER, Mito, RNA, WGPhalloidin",,"DNA, ER, Mito, RNA, WGPhalloidin",16.27906976744186,0.2085227101643239,116849
PE,1siteSubSample_Scope1_PE_Bin1_Widefield_1Plane,JUMP-MOA_compound_platemap,CP_Broad_Phenix_NC_BIN1_1Plane_P2,Widefield,3,1.0,1,20,5,1,,1.0,water,,,1,9.244346441,1.354503586,True,0.1589805423253259,50.0,"DNA, ER, Mito, RNA, WGPhalloidin",,"DNA, ER, Mito, RNA, WGPhalloidin",20.930232558139537,0.2021843774160673,119891
PE,1siteSubSample_Scope1_PE_Bin1_Widefield_1Plane,JUMP-MOA_compound_platemap,CP_Broad_Phenix_NC_BIN1_1Plane_P3,Widefield,3,1.0,1,20,5,1,,1.0,water,,,1,9.07862732,1.285123915,True,0.1661783644765817,51.11111111111111,"DNA, ER, Mito, RNA, WGPhalloidin",,"DNA, ER, Mito, RNA, WGPhalloidin",18.6046511627907,0.2165973701603867,119069
PE,1siteSubSample_Scope1_PE_Bin1_Widefield_1Plane,JUMP-MOA_compound_platemap,CP_Broad_Phenix_NC_BIN1_1Plane_P4,Widefield,3,1.0,1,20,5,1,,1.0,water,,,1,9.285375732,1.356850855,True,0.1711240572298583,54.44444444444444,"DNA, ER, Mito, RNA, WGPhalloidin",,"DNA, ER, Mito, RNA, WGPhalloidin",18.6046511627907,0.2240665618777511,120286
PE,1siteSubSample_Scope1_PE_Bin1_Widefield_3Plane,JUMP-MOA_compound_platemap,CP_Broad_Phenix_NC_BIN1_P1,Widefield,3,1.0,1,20,5,1,,1.0,water,,,1,9.352243913,1.218635234,True,0.1514691010993662,60.0,"DNA, ER, Mito, RNA, WGPhalloidin",,"DNA, ER, Mito, RNA, WGPhalloidin",18.6046511627907,0.2148455657712882,115917
PE,1siteSubSample_Scope1_PE_Bin1_Widefield_3Plane,JUMP-MOA_compound_platemap,CP_Broad_Phenix_NC_BIN1_P2,Widefield,3,1.0,1,20,5,1,,1.0,water,,,1,9.264655142,1.169530482,True,0.1546431771066062,51.11111111111111,"DNA, ER, Mito, RNA, WGPhalloidin",,"DNA, ER, Mito, RNA, WGPhalloidin",20.930232558139537,0.1929912929512878,119183
PE,1siteSubSample_Scope1_PE_Bin1_Widefield_3Plane,JUMP-MOA_compound_platemap,CP_Broad_Phenix_NC_BIN1_P3,Widefield,3,1.0,1,20,5,1,,1.0,water,,,1,9.139748504,1.114549894,True,0.1726773193709949,52.22222222222223,"DNA, ER, Mito, RNA, WGPhalloidin",,"DNA, ER, Mito, RNA, WGPhalloidin",20.930232558139537,0.2183716713326468,118130
PE,1siteSubSample_Scope1_PE_Bin1_Widefield_3Plane,JUMP-MOA_compound_platemap,CP_Broad_Phenix_NC_BIN1_P4,Widefield,3,1.0,1,20,5,1,,1.0,water,,,1,9.294385866,1.171688341,True,0.1629915302518284,55.55555555555556,"DNA, ER, Mito, RNA, WGPhalloidin",,"DNA, ER, Mito, RNA, WGPhalloidin",18.6046511627907,0.217666079585604,119331
PE,1siteSubSample_Scope1_PE_Bin2_Confocal_1Plane,JUMP-MOA_compound_platemap,CPBroadPhenixC1PlaneP1,Confocal,3,1.0,2,20,5,1,,1.0,water,,,1,2.527899264,0.441258404,True,0.1402227297696864,55.55555555555556,"DNA, ER, Mito, RNA, WGPhalloidin",,"DNA, ER, Mito, RNA, WGPhalloidin",20.930232558139537,0.1932076687372877,114570
PE,1siteSubSample_Scope1_PE_Bin2_Confocal_1Plane,JUMP-MOA_compound_platemap,CPBroadPhenixC1PlaneP2,Confocal,3,1.0,2,20,5,1,,1.0,water,,,1,2.511724217,0.438516445,True,0.1523458752963951,48.888888888888886,"DNA, ER, Mito, RNA, WGPhalloidin",,"DNA, ER, Mito, RNA, WGPhalloidin",18.6046511627907,0.2054334039968694,117449
PE,1siteSubSample_Scope1_PE_Bin2_Confocal_1Plane,JUMP-MOA_compound_platemap,CPBroadPhenixC1PlaneP3,Confocal,3,1.0,2,20,5,1,,1.0,water,,,1,2.496831201,0.432485876,True,0.1553315449639329,55.55555555555556,"DNA, ER, Mito, RNA, WGPhalloidin",,"DNA, ER, Mito, RNA, WGPhalloidin",18.6046511627907,0.2368171774863423,117256
PE,1siteSubSample_Scope1_PE_Bin2_Confocal_1Plane,JUMP-MOA_compound_platemap,CPBroadPhenixC1PlaneP4,Confocal,3,1.0,2,20,5,1,,1.0,water,,,1,2.539198042,0.441607226,True,0.1711732971738561,50.0,"DNA, ER, Mito, RNA, WGPhalloidin",,"DNA, ER, Mito, RNA, WGPhalloidin",18.6046511627907,0.224362045393058,118483
PE,1siteSubSample_Scope1_PE_Bin2_Confocal_3Plane,JUMP-MOA_compound_platemap,CPBroadPhenixCP1,Confocal,3,1.0,2,20,5,1,,1.0,water,,,1,2.469308975,0.388001751,True,0.1459342084559524,56.66666666666666,"DNA, ER, Mito, RNA, WGPhalloidin",,"DNA, ER, Mito, RNA, WGPhalloidin",23.25581395348837,0.1999685713132248,114632
PE,1siteSubSample_Scope1_PE_Bin2_Confocal_3Plane,JUMP-MOA_compound_platemap,CPBroadPhenixCP2,Confocal,3,1.0,2,20,5,1,,1.0,water,,,1,2.456927202,0.38430365,True,0.1547570966429061,52.22222222222223,"AGP, DNA, ER, Mito, RNA",,"DNA, ER, Mito, RNA",18.6046511627907,0.205071578651324,117413
PE,1siteSubSample_Scope1_PE_Bin2_Confocal_3Plane,JUMP-MOA_compound_platemap,CPBroadPhenixCP3,Confocal,3,1.0,2,20,5,1,,1.0,water,,,1,2.444871486,0.377457066,True,0.153893246518723,54.44444444444444,"AGP, DNA, ER, Mito, RNA",,"DNA, ER, Mito, RNA",23.25581395348837,0.2028816457873026,116004
PE,1siteSubSample_Scope1_PE_Bin2_Confocal_3Plane,JUMP-MOA_compound_platemap,CPBroadPhenixCP4,Confocal,3,1.0,2,20,5,1,,1.0,water,,,1,2.477544598,0.389989893,True,0.1483820274698189,55.55555555555556,"AGP, DNA, ER, Mito, RNA",,"DNA, ER, Mito, RNA",13.953488372093023,0.2285877788253521,117165
PE,1siteSubSample_Scope1_PE_Bin2_Widefield_1Plane,JUMP-MOA_compound_platemap,CPBroadPhenixNC1PlaneP1,Widefield,3,1.0,2,20,5,1,,1.0,water,,,1,2.519741514,0.358388782,True,0.1539606940645845,58.88888888888889,"DNA, ER, Mito, RNA, WGPhalloidin",,"DNA, ER, Mito, RNA, WGPhalloidin",23.25581395348837,0.1936722820546803,113407
PE,1siteSubSample_Scope1_PE_Bin2_Widefield_1Plane,JUMP-MOA_compound_platemap,CPBroadPhenixNC1PlaneP2,Widefield,3,1.0,2,20,5,1,,1.0,water,,,1,2.484223022,0.346356315,True,0.1543301092877388,53.333333333333336,"DNA, ER, Mito, RNA, WGPhalloidin",,"DNA, ER, Mito, RNA, WGPhalloidin",20.930232558139537,0.1956687670986903,116253
PE,1siteSubSample_Scope1_PE_Bin2_Widefield_1Plane,JUMP-MOA_compound_platemap,CPBroadPhenixNC1PlaneP3,Widefield,3,1.0,2,20,5,1,,1.0,water,,,1,2.449872114,0.340311539,True,0.1530590407738048,53.333333333333336,"DNA, ER, Mito, RNA, WGPhalloidin",,"DNA, ER, Mito, RNA, WGPhalloidin",25.58139534883721,0.2136864212319116,115489
PE,1siteSubSample_Scope1_PE_Bin2_Widefield_1Plane,JUMP-MOA_compound_platemap,CPBroadPhenixNC1PlaneP4,Widefield,3,1.0,2,20,5,1,,1.0,water,,,1,2.488857568,0.348682256,True,0.1605017187932547,54.44444444444444,"DNA, ER, Mito, RNA, WGPhalloidin",,"DNA, ER, Mito, RNA, WGPhalloidin",25.58139534883721,0.2021582947701484,116462
PE,1siteSubSample_Scope1_PE_Bin2_Widefield_3Plane,JUMP-MOA_compound_platemap,CPBroadPhenixNCP1,Widefield,3,1.0,2,20,5,1,,1.0,water,,,1,2.472900559,0.320289209,True,0.147029833877415,57.77777777777777,"AGP, DNA, ER, Mito, RNA",,"DNA, ER, Mito, RNA",20.930232558139537,0.1990325115555701,113150
PE,1siteSubSample_Scope1_PE_Bin2_Widefield_3Plane,JUMP-MOA_compound_platemap,CPBroadPhenixNCP2,Widefield,3,1.0,2,20,5,1,,1.0,water,,,1,2.446370619,0.306500212,True,0.1525662493401816,53.333333333333336,"DNA, ER, Mito, RNA, WGPhalloidin",,"DNA, ER, Mito, RNA, WGPhalloidin",20.930232558139537,0.1944131620556753,115572
PE,1siteSubSample_Scope1_PE_Bin2_Widefield_3Plane,JUMP-MOA_compound_platemap,CPBroadPhenixNCP3,Widefield,3,1.0,2,20,5,1,,1.0,water,,,1,2.420489624,0.298491263,True,0.1560219674104613,51.11111111111111,"DNA, ER, Mito, RNA, WGPhalloidin",,"DNA, ER, Mito, RNA, WGPhalloidin",25.58139534883721,0.1960068750013639,114270
PE,1siteSubSample_Scope1_PE_Bin2_Widefield_3Plane,JUMP-MOA_compound_platemap,CPBroadPhenixNCP4,Widefield,3,1.0,2,20,5,3,,1.0,water,,,1,2.449472851,0.308955914,True,0.1651772619122446,58.88888888888889,"DNA, ER, Mito, RNA, WGPhalloidin",,"DNA, ER, Mito, RNA, WGPhalloidin",23.25581395348837,0.2174253471543912,115627
Yokogawa_Japan,1siteSubSample_Scope1_Yokogawa_Japan_20X,JUMP-MOA_compound_platemap,20201021T092317,Confocal,9,1.0,1,20,5,3,,0.75,dry,,,1,6.732652408,1.447818101,True,0.1543764586725973,47.77777777777778,"AGP, DNA, ER, Mito, RNA",,"AGP, DNA, ER, Mito, RNA",20.930232558139537,0.1730914372443625,159030
Yokogawa_Japan,1siteSubSample_Scope1_Yokogawa_Japan_40X,JUMP-MOA_compound_platemap,20201020T134356,Confocal,2,1.0,1,40,5,3,,0.95,dry,,,1,6.472608521,1.473862554,True,0.1285027952547883,42.22222222222222,"AGP, DNA, ER, Mito, RNA",,"AGP, DNA, ER, Mito, RNA",18.6046511627907,0.1316311000114536,34078
Yokogawa_US,1siteSubSample_Scope1_Yokogawa_US_10X,JUMP-MOA_compound_platemap,BRO0117014_10x,Confocal,4,1.0,1,10,6,3,,0.4,dry,,,1,8.005537078,0.124906237,True,0.1423723114208694,45.55555555555556,"AGP, BrightField, DNA, ER, Mito, RNA",Z06,"AGP, BrightField, DNA, ER, Mito, RNA",16.27906976744186,0.1706977962514834,518568
Yokogawa_US,1siteSubSample_Scope1_Yokogawa_US_20X_5Ch,JUMP-MOA_compound_platemap,BRO0117033_20xb,Confocal,9,1.0,1,20,5,3,,1.0,water,,,1,8.003584569,3.32e-05,True,0.1540974506889496,42.22222222222222,"AGP, DNA, ER, Mito, RNA",,"AGP, DNA, ER, Mito, RNA",13.953488372093023,0.1650841926891737,119805
Yokogawa_US,1siteSubSample_Scope1_Yokogawa_US_20X_5Ch,JUMP-MOA_compound_platemap,BRO0117056_20x,Confocal,9,1.0,1,20,5,3,,1.0,water,,,1,8.003585009,4.42e-05,True,0.1430241685854534,45.55555555555556,"AGP, DNA, ER, Mito, RNA",,"AGP, DNA, ER, Mito, RNA",11.627906976744184,0.1592349148652358,129356
Yokogawa_US,1siteSubSample_Scope1_Yokogawa_US_20X_5Ch_12Z,JUMP-MOA_compound_platemap,BRO0117056_20xb,Confocal,9,1.0,1,20,5,3,,1.0,water,,,1,8.003585009,4.42e-05,True,0.1204138983711085,51.11111111111111,"AGP, DNA, ER, Mito, RNA",,"AGP, DNA, ER, Mito, RNA",16.27906976744186,0.1504599973363195,129682
Yokogawa_US,1siteSubSample_Scope1_Yokogawa_US_20X_6Ch_BRO0117059,JUMP-MOA_compound_platemap,BRO0117059_20X,Confocal,9,1.0,1,20,6,3,,1.0,water,,,1,7.954438655,0.000583079,True,0.1403101673190035,51.68539325842697,"AGP, BrightField, DNA, ER, Mito, RNA",Z08,"AGP, BrightField, DNA, ER, Mito, RNA",16.666666666666664,0.1827065935397908,110990
Yokogawa_US,1siteSubSample_Scope1_Yokogawa_US_20X_6Ch_BRO01177034,JUMP-MOA_compound_platemap,BRO01177034_20x,Confocal,9,1.0,1,20,6,1,,1.0,water,,,1,8.003584099,1.38e-05,True,0.1383473430557612,50.0,"AGP, BrightField, DNA, ER, Mito, RNA",Z17,"AGP, BrightField, DNA, ER, Mito, RNA",18.6046511627907,0.1861992767696617,92622
MolDev,2siteSubSample_Scope1_MolDev_10X,JUMP-MOA_compound_platemap,Plate2_PCO_6ch_4site_10XPA,Confocal,4,2.0,1,10,6,1,,0.45,dry,,,2,52.47633351,0.000144228,True,0.1887695644445611,58.88888888888889,"Actin, DNA, ER, Golgi, Mito, RNA",,"Actin, DNA, ER, Golgi, Mito, RNA",18.6046511627907,0.2634892343719964,978703
MolDev,2siteSubSample_Scope1_MolDev_10X,JUMP-MOA_compound_platemap,Plate3_PCO_6ch_4site_10XPA_Crest,Confocal,4,2.0,1,10,6,1,,0.45,dry,,,2,52.47651427,0.000183266,True,0.1869386956706402,61.11111111111112,"Actin, DNA, ER, Golgi, Mito, RNA",,"Actin, DNA, ER, Golgi, Mito, RNA",18.6046511627907,0.3130416950338379,1185629
MolDev,2siteSubSample_Scope1_MolDev_10X_4siteZ,JUMP-MOA_compound_platemap,Plate3_PCO_6ch_4site_10XPA_Crestz,Confocal,4,2.0,1,10,6,1,,0.45,dry,,,2,52.47663139,0.000141883,True,0.1787768787853687,61.11111111111112,"Actin, DNA, ER, Golgi, Mito, RNA",,"Actin, DNA, ER, Golgi, Mito, RNA",20.930232558139537,0.3021390168263229,1163084
MolDev,2siteSubSample_Scope1_MolDev_20X_4site,JUMP-MOA_compound_platemap,Plate3_PCO_6ch_4site_20XPA_Crestz,Confocal,4,2.0,1,20,6,1,,0.75,dry,,,2,52.47662934,0.000114457,True,0.1705681578406157,60.0,"Actin, DNA, ER, Golgi, Mito, RNA",,"Actin, DNA, ER, Golgi, Mito, RNA",16.27906976744186,0.2315588542396387,255222
MolDev,2siteSubSample_Scope1_MolDev_20X_9site,JUMP-MOA_compound_platemap,Plate2_PCO_6ch_9site_20XPA,Confocal,9,2.0,1,20,6,1,,0.75,dry,,,2,52.47633409,0.00015339,True,0.1693222182648767,54.44444444444444,"Actin, DNA, ER, Golgi, Mito, RNA",,"Actin, DNA, ER, Golgi, Mito, RNA",20.930232558139537,0.2064347733812477,248024
MolDev,2siteSubSample_Scope1_MolDev_20X_9site,JUMP-MOA_compound_platemap,Plate3_PCO_6ch_9site_20XPA_Crest,Confocal,9,2.0,1,20,6,1,,0.75,dry,,,2,52.4764107,0.000114381,True,0.1605348658311861,57.77777777777777,"Actin, DNA, ER, Golgi, Mito, RNA",,"Actin, DNA, ER, Golgi, Mito, RNA",20.930232558139537,0.2301304166328784,273991
Nikon,2siteSubSample_Scope1_Nikon_20X,JUMP-MOA_compound_platemap,BR00117061a,Widefield,9,2.0,1,20,4,3,,0.75,dry,,,2,9.872705524,27.71715326,True,0.1788645603961264,53.333333333333336,"AGP, DNA, ER, Mito",,"AGP, DNA, ER, Mito",18.6046511627907,0.2703642435713657,519409
Nikon,2siteSubSample_Scope1_Nikon_20X,JUMP-MOA_compound_platemap,BR00117062a,Widefield,9,2.0,1,20,4,3,,0.75,dry,,,2,9.874534886,27.72811647,True,0.1626582521751366,50.0,"AGP, DNA, ER, Mito",,"AGP, DNA, ER, Mito",16.27906976744186,0.2441861941380469,521314
Nikon,2siteSubSample_Scope1_Nikon_20X,JUMP-MOA_compound_platemap,BR00117063b,Widefield,9,2.0,1,20,4,3,,0.75,dry,,,2,9.873193143,27.72026359,True,0.1788977056685082,44.44444444444444,"AGP, DNA, ER, Mito",,"AGP, DNA, ER, Mito",13.953488372093023,0.2136500567121729,528034
PE,2siteSubSample_Scope1_PE_Bin1_Confocal_1Plane,JUMP-MOA_compound_platemap,CP_Broad_Phenix_C_BIN1_1Plane_P1,Confocal,3,2.0,1,20,5,3,,1.0,water,,,2,9.52637689,2.056519138,True,0.1564383977911728,58.88888888888889,"DNA, ER, Mito, RNA, WGPhalloidin",,"DNA, ER, Mito, RNA, WGPhalloidin",20.930232558139537,0.248024653173847,231584
PE,2siteSubSample_Scope1_PE_Bin1_Confocal_1Plane,JUMP-MOA_compound_platemap,CP_Broad_Phenix_C_BIN1_1Plane_P2,Confocal,3,2.0,1,20,5,3,,1.0,water,,,2,9.484644246,2.025928931,True,0.1952412247722939,56.66666666666666,"DNA, ER, Mito, RNA, WGPhalloidin",,"DNA, ER, Mito, RNA, WGPhalloidin",27.906976744186046,0.2578761002106028,239479
PE,2siteSubSample_Scope1_PE_Bin1_Confocal_1Plane,JUMP-MOA_compound_platemap,CP_Broad_Phenix_C_BIN1_1Plane_P3,Confocal,3,2.0,1,20,5,3,,1.0,water,,,2,9.352902418,1.995189489,True,0.1587445144198036,58.88888888888889,"DNA, ER, Mito, RNA, WGPhalloidin",,"DNA, ER, Mito, RNA, WGPhalloidin",20.930232558139537,0.2276804620487769,238725
PE,2siteSubSample_Scope1_PE_Bin1_Confocal_1Plane,JUMP-MOA_compound_platemap,CP_Broad_Phenix_C_BIN1_1Plane_P4,Confocal,3,2.0,1,20,5,3,,1.0,water,,,2,9.587194773,1.98962242,True,0.1739376143873363,56.66666666666666,"DNA, ER, Mito, RNA, WGPhalloidin",,"DNA, ER, Mito, RNA, WGPhalloidin",23.25581395348837,0.2435357927031192,259919
PE,2siteSubSample_Scope1_PE_Bin1_Confocal_3Plane,JUMP-MOA_compound_platemap,CP_Broad_Phenix_C_BIN1_P1,Confocal,3,2.0,1,20,5,3,,1.0,water,,,2,9.427739027,1.77055152,True,0.1532629058666482,56.66666666666666,"DNA, ER, Mito, RNA, WGPhalloidin",,"DNA, ER, Mito, RNA, WGPhalloidin",20.930232558139537,0.2336718904499655,231775
PE,2siteSubSample_Scope1_PE_Bin1_Confocal_3Plane,JUMP-MOA_compound_platemap,CP_Broad_Phenix_C_BIN1_P2,Confocal,3,2.0,1,20,5,1,,1.0,water,,,2,9.400030114,1.744417859,True,0.1896188882416752,58.88888888888889,"DNA, ER, Mito, RNA, WGPhalloidin",,"DNA, ER, Mito, RNA, WGPhalloidin",25.58139534883721,0.2682243167397164,239378
PE,2siteSubSample_Scope1_PE_Bin1_Confocal_3Plane,JUMP-MOA_compound_platemap,CP_Broad_Phenix_C_BIN1_P3,Confocal,3,2.0,1,20,5,1,,1.0,water,,,2,9.294915464,1.715098761,True,0.1646690561121869,57.77777777777777,"DNA, ER, Mito, RNA, WGPhalloidin",,"DNA, ER, Mito, RNA, WGPhalloidin",20.930232558139537,0.2412219081647393,238857
PE,2siteSubSample_Scope1_PE_Bin1_Confocal_3Plane,JUMP-MOA_compound_platemap,CP_Broad_Phenix_C_BIN1_P4,Confocal,3,2.0,1,20,5,1,,1.0,water,,,2,9.47382234,1.716538329,True,0.176981279360352,58.88888888888889,"DNA, ER, Mito, RNA, WGPhalloidin",,"DNA, ER, Mito, RNA, WGPhalloidin",25.58139534883721,0.2311217809243322,260086
PE,2siteSubSample_Scope1_PE_Bin1_Widefield_1Plane,JUMP-MOA_compound_platemap,CP_Broad_Phenix_NC_BIN1_1Plane_P1,Widefield,3,2.0,1,20,5,1,,1.0,water,,,2,9.36127322,1.410804045,True,0.1463123426246438,58.88888888888889,"DNA, ER, Mito, RNA, WGPhalloidin",,"DNA, ER, Mito, RNA, WGPhalloidin",20.930232558139537,0.2188500104449733,228594
PE,2siteSubSample_Scope1_PE_Bin1_Widefield_1Plane,JUMP-MOA_compound_platemap,CP_Broad_Phenix_NC_BIN1_1Plane_P2,Widefield,3,2.0,1,20,5,1,,1.0,water,,,2,9.244346441,1.354503586,True,0.1766397952190421,56.66666666666666,"DNA, ER, Mito, RNA, WGPhalloidin",,"DNA, ER, Mito, RNA, WGPhalloidin",25.58139534883721,0.2369484048304357,235500
PE,2siteSubSample_Scope1_PE_Bin1_Widefield_1Plane,JUMP-MOA_compound_platemap,CP_Broad_Phenix_NC_BIN1_1Plane_P3,Widefield,3,2.0,1,20,5,1,,1.0,water,,,2,9.07862732,1.285123915,True,0.1691523505128602,61.11111111111112,"DNA, ER, Mito, RNA, WGPhalloidin",,"DNA, ER, Mito, RNA, WGPhalloidin",18.6046511627907,0.2397642447322096,235314
PE,2siteSubSample_Scope1_PE_Bin1_Widefield_1Plane,JUMP-MOA_compound_platemap,CP_Broad_Phenix_NC_BIN1_1Plane_P4,Widefield,3,2.0,1,20,5,1,,1.0,water,,,2,9.285375732,1.356850855,True,0.1638701124773985,56.66666666666666,"DNA, ER, Mito, RNA, WGPhalloidin",,"DNA, ER, Mito, RNA, WGPhalloidin",23.25581395348837,0.2239874290194236,254821
PE,2siteSubSample_Scope1_PE_Bin1_Widefield_3Plane,JUMP-MOA_compound_platemap,CP_Broad_Phenix_NC_BIN1_P1,Widefield,3,2.0,1,20,5,1,,1.0,water,,,2,9.352243913,1.218635234,True,0.1477946639551313,57.77777777777777,"DNA, ER, Mito, RNA, WGPhalloidin",,"DNA, ER, Mito, RNA, WGPhalloidin",20.930232558139537,0.2103517325855678,226942
PE,2siteSubSample_Scope1_PE_Bin1_Widefield_3Plane,JUMP-MOA_compound_platemap,CP_Broad_Phenix_NC_BIN1_P2,Widefield,3,2.0,1,20,5,3,,1.0,water,,,2,9.264655142,1.169530482,True,0.1735684484851659,55.55555555555556,"DNA, ER, Mito, RNA, WGPhalloidin",,"DNA, ER, Mito, RNA, WGPhalloidin",27.906976744186046,0.2286882992123477,234067
PE,2siteSubSample_Scope1_PE_Bin1_Widefield_3Plane,JUMP-MOA_compound_platemap,CP_Broad_Phenix_NC_BIN1_P3,Widefield,3,2.0,1,20,5,3,,1.0,water,,,2,9.139748504,1.114549894,True,0.1591468070324802,63.33333333333333,"DNA, ER, Mito, RNA, WGPhalloidin",,"DNA, ER, Mito, RNA, WGPhalloidin",20.930232558139537,0.2293522093611541,233583
PE,2siteSubSample_Scope1_PE_Bin1_Widefield_3Plane,JUMP-MOA_compound_platemap,CP_Broad_Phenix_NC_BIN1_P4,Widefield,3,2.0,1,20,5,3,,1.0,water,,,2,9.294385866,1.171688341,True,0.1694895056538384,55.55555555555556,"DNA, ER, Mito, RNA, WGPhalloidin",,"DNA, ER, Mito, RNA, WGPhalloidin",23.25581395348837,0.2255725168326083,252056
PE,2siteSubSample_Scope1_PE_Bin2_Confocal_1Plane,JUMP-MOA_compound_platemap,CPBroadPhenixC1PlaneP1,Confocal,3,2.0,2,20,5,3,,1.0,water,,,2,2.527899264,0.441258404,True,0.1322943937239152,58.88888888888889,"DNA, ER, Mito, RNA, WGPhalloidin",,"DNA, ER, Mito, RNA, WGPhalloidin",16.27906976744186,0.1984148495016029,224031
PE,2siteSubSample_Scope1_PE_Bin2_Confocal_1Plane,JUMP-MOA_compound_platemap,CPBroadPhenixC1PlaneP2,Confocal,3,2.0,2,20,5,3,,1.0,water,,,2,2.511724217,0.438516445,True,0.2927095962493583,43.333333333333336,"DNA, ER, Mito, RNA, WGPhalloidin",,"DNA, ER, Mito, RNA, WGPhalloidin",11.627906976744184,0.4868345117926116,231023
PE,2siteSubSample_Scope1_PE_Bin2_Confocal_1Plane,JUMP-MOA_compound_platemap,CPBroadPhenixC1PlaneP3,Confocal,3,2.0,2,20,5,3,,1.0,water,,,2,2.496831201,0.432485876,True,0.1422972930259274,58.88888888888889,"DNA, ER, Mito, RNA, WGPhalloidin",,"DNA, ER, Mito, RNA, WGPhalloidin",23.25581395348837,0.2029834493301622,231224
PE,2siteSubSample_Scope1_PE_Bin2_Confocal_1Plane,JUMP-MOA_compound_platemap,CPBroadPhenixC1PlaneP4,Confocal,3,2.0,2,20,5,3,,1.0,water,,,2,2.539198042,0.441607226,True,0.156807747092789,56.66666666666666,"DNA, ER, Mito, RNA, WGPhalloidin",,"DNA, ER, Mito, RNA, WGPhalloidin",25.58139534883721,0.2191314758349464,250051
PE,2siteSubSample_Scope1_PE_Bin2_Confocal_3Plane,JUMP-MOA_compound_platemap,CPBroadPhenixCP1,Confocal,3,2.0,2,20,5,3,,1.0,water,,,2,2.469308975,0.388001751,True,0.1469384432208033,55.55555555555556,"DNA, ER, Mito, RNA, WGPhalloidin",,"DNA, ER, Mito, RNA, WGPhalloidin",18.6046511627907,0.2139152940543118,224155
PE,2siteSubSample_Scope1_PE_Bin2_Confocal_3Plane,JUMP-MOA_compound_platemap,CPBroadPhenixCP2,Confocal,3,2.0,2,20,5,1,,1.0,water,,,2,2.456927202,0.38430365,True,0.1782187844429746,57.77777777777777,"AGP, DNA, ER, Mito, RNA",,"DNA, ER, Mito, RNA",25.58139534883721,0.2438238819219333,230939
PE,2siteSubSample_Scope1_PE_Bin2_Confocal_3Plane,JUMP-MOA_compound_platemap,CPBroadPhenixCP3,Confocal,3,2.0,2,20,5,1,,1.0,water,,,2,2.444871486,0.377457066,True,0.1491574310434781,60.0,"AGP, DNA, ER, Mito, RNA",,"DNA, ER, Mito, RNA",23.25581395348837,0.2132826597943182,229014
PE,2siteSubSample_Scope1_PE_Bin2_Confocal_3Plane,JUMP-MOA_compound_platemap,CPBroadPhenixCP4,Confocal,3,2.0,2,20,5,1,,1.0,water,,,2,2.477544598,0.389989893,True,0.148367947346545,61.11111111111112,"AGP, DNA, ER, Mito, RNA",,"DNA, ER, Mito, RNA",23.25581395348837,0.2089477487091282,231021
PE,2siteSubSample_Scope1_PE_Bin2_Widefield_1Plane,JUMP-MOA_compound_platemap,CPBroadPhenixNC1PlaneP1,Widefield,3,2.0,2,20,5,1,,1.0,water,,,2,2.519741514,0.358388782,True,0.1480542564833412,55.55555555555556,"DNA, ER, Mito, RNA, WGPhalloidin",,"DNA, ER, Mito, RNA, WGPhalloidin",23.25581395348837,0.2363812076045656,222156
PE,2siteSubSample_Scope1_PE_Bin2_Widefield_1Plane,JUMP-MOA_compound_platemap,CPBroadPhenixNC1PlaneP2,Widefield,3,2.0,2,20,5,1,,1.0,water,,,2,2.484223022,0.346356315,True,0.1851329489639683,56.66666666666666,"DNA, ER, Mito, RNA, WGPhalloidin",,"DNA, ER, Mito, RNA, WGPhalloidin",25.58139534883721,0.260628535002777,228464
PE,2siteSubSample_Scope1_PE_Bin2_Widefield_1Plane,JUMP-MOA_compound_platemap,CPBroadPhenixNC1PlaneP3,Widefield,3,2.0,2,20,5,1,,1.0,water,,,2,2.449872114,0.340311539,True,0.1617869300665351,58.88888888888889,"DNA, ER, Mito, RNA, WGPhalloidin",,"DNA, ER, Mito, RNA, WGPhalloidin",25.58139534883721,0.2314266643269678,228139
PE,2siteSubSample_Scope1_PE_Bin2_Widefield_1Plane,JUMP-MOA_compound_platemap,CPBroadPhenixNC1PlaneP4,Widefield,3,2.0,2,20,5,1,,1.0,water,,,2,2.488857568,0.348682256,True,0.157011611456515,58.88888888888889,"DNA, ER, Mito, RNA, WGPhalloidin",,"DNA, ER, Mito, RNA, WGPhalloidin",20.930232558139537,0.2311920481633996,246381
PE,2siteSubSample_Scope1_PE_Bin2_Widefield_3Plane,JUMP-MOA_compound_platemap,CPBroadPhenixNCP1,Widefield,3,2.0,2,20,5,1,,1.0,water,,,2,2.472900559,0.320289209,True,0.1471557450324377,56.66666666666666,"AGP, DNA, ER, Mito, RNA",,"DNA, ER, Mito, RNA",23.25581395348837,0.2239761299641304,221350
PE,2siteSubSample_Scope1_PE_Bin2_Widefield_3Plane,JUMP-MOA_compound_platemap,CPBroadPhenixNCP2,Widefield,3,2.0,2,20,5,3,,1.0,water,,,2,2.446370619,0.306500212,True,0.1792408672081505,56.66666666666666,"DNA, ER, Mito, RNA, WGPhalloidin",,"DNA, ER, Mito, RNA, WGPhalloidin",25.58139534883721,0.2417299962960147,227179
PE,2siteSubSample_Scope1_PE_Bin2_Widefield_3Plane,JUMP-MOA_compound_platemap,CPBroadPhenixNCP3,Widefield,3,2.0,2,20,5,3,,1.0,water,,,2,2.420489624,0.298491263,True,0.1619888273997111,55.55555555555556,"DNA, ER, Mito, RNA, WGPhalloidin",,"DNA, ER, Mito, RNA, WGPhalloidin",23.25581395348837,0.2276425095882936,226297
PE,2siteSubSample_Scope1_PE_Bin2_Widefield_3Plane,JUMP-MOA_compound_platemap,CPBroadPhenixNCP4,Widefield,3,2.0,2,20,5,3,,1.0,water,,,2,2.449472851,0.308955914,True,0.1610644718344558,60.0,"DNA, ER, Mito, RNA, WGPhalloidin",,"DNA, ER, Mito, RNA, WGPhalloidin",23.25581395348837,0.2426681787562629,243928
Yokogawa_Japan,2siteSubSample_Scope1_Yokogawa_Japan_20X,JUMP-MOA_compound_platemap,20201021T092317,Confocal,9,2.0,1,20,5,3,,0.75,dry,,,2,6.732652408,1.447818101,True,0.1686046902891726,55.55555555555556,"AGP, DNA, ER, Mito, RNA",,"AGP, DNA, ER, Mito, RNA",20.930232558139537,0.2133114464402244,282763
Yokogawa_US,2siteSubSample_Scope1_Yokogawa_US_10X,JUMP-MOA_compound_platemap,BRO0117014_10x,Confocal,4,2.0,1,10,6,3,,0.4,dry,,,2,8.005537078,0.124906237,True,0.138059915000074,53.333333333333336,"AGP, BrightField, DNA, ER, Mito, RNA",Z06,"AGP, BrightField, DNA, ER, Mito, RNA",16.27906976744186,0.1752352415222121,1032116
Yokogawa_US,2siteSubSample_Scope1_Yokogawa_US_20X_5Ch,JUMP-MOA_compound_platemap,BRO0117033_20xb,Confocal,9,2.0,1,20,5,3,,1.0,water,,,2,8.003584569,3.32e-05,True,0.1602746489668107,53.333333333333336,"AGP, DNA, ER, Mito, RNA",,"AGP, DNA, ER, Mito, RNA",18.6046511627907,0.1986530676893475,236567
Yokogawa_US,2siteSubSample_Scope1_Yokogawa_US_20X_5Ch,JUMP-MOA_compound_platemap,BRO0117056_20x,Confocal,9,2.0,1,20,5,3,,1.0,water,,,2,8.003585009,4.42e-05,True,0.1365232639451936,52.22222222222223,"AGP, DNA, ER, Mito, RNA",,"AGP, DNA, ER, Mito, RNA",16.27906976744186,0.1597538576389284,257672
Yokogawa_US,2siteSubSample_Scope1_Yokogawa_US_20X_5Ch_12Z,JUMP-MOA_compound_platemap,BRO0117056_20xb,Confocal,9,2.0,1,20,5,3,,1.0,water,,,2,8.003585009,4.42e-05,True,0.1350508560026687,57.77777777777777,"AGP, DNA, ER, Mito, RNA",,"AGP, DNA, ER, Mito, RNA",18.6046511627907,0.1641074448556352,257747
Yokogawa_US,2siteSubSample_Scope1_Yokogawa_US_20X_6Ch_BRO0117059,JUMP-MOA_compound_platemap,BRO0117059_20X,Confocal,9,2.0,1,20,6,10,,1.0,water,,,2,7.954438655,0.000583079,True,0.1619945678848475,47.77777777777778,"AGP, BrightField, DNA, ER, Mito, RNA",Z08,"AGP, BrightField, DNA, ER, Mito, RNA",18.6046511627907,0.2476059026685877,232244
Yokogawa_US,2siteSubSample_Scope1_Yokogawa_US_20X_6Ch_BRO01177034,JUMP-MOA_compound_platemap,BRO01177034_20x,Confocal,9,2.0,1,20,6,10,,1.0,water,,,2,8.003584099,1.38e-05,True,0.1327783319494008,48.888888888888886,"AGP, BrightField, DNA, ER, Mito, RNA",Z17,"AGP, BrightField, DNA, ER, Mito, RNA",23.25581395348837,0.1607218438512138,217868
Yokogawa_US,2siteSubSample_Scope1_Yokogawa_US_40X_BRO0117059,JUMP-MOA_compound_platemap,BRO0117059_40x,Confocal,9,2.0,1,40,6,10,,1.0,water,,,2,7.971628413,0.080201351,True,0.1549181836993159,41.11111111111111,"AGP, BrightField, DNA, ER, Mito, RNA",Z08,"AGP, BrightField, DNA, ER, Mito, RNA",25.58139534883721,0.1514225195340683,57421
MolDev,3siteSubSample_Scope1_MolDev_10X,JUMP-MOA_compound_platemap,Plate2_PCO_6ch_4site_10XPA,Confocal,4,3.0,1,10,6,10,,0.45,dry,,,3,52.47633351,0.000144228,True,0.183525248240202,58.88888888888889,"Actin, DNA, ER, Golgi, Mito, RNA",,"Actin, DNA, ER, Golgi, Mito, RNA",18.6046511627907,0.2536891650376674,1530258
MolDev,3siteSubSample_Scope1_MolDev_10X,JUMP-MOA_compound_platemap,Plate3_PCO_6ch_4site_10XPA_Crest,Confocal,4,3.0,1,10,6,12,none,0.45,dry,,,3,52.47651427,0.000183266,True,0.2103422888683623,62.22222222222222,"Actin, DNA, ER, Golgi, Mito, RNA",,"Actin, DNA, ER, Golgi, Mito, RNA",23.25581395348837,0.3341052847946311,1823208
MolDev,3siteSubSample_Scope1_MolDev_10X_4siteZ,JUMP-MOA_compound_platemap,Plate3_PCO_6ch_4site_10XPA_Crestz,Confocal,4,3.0,1,10,6,12,10,0.45,dry,,,3,52.47663139,0.000141883,True,0.2070988957511454,60.0,"Actin, DNA, ER, Golgi, Mito, RNA",,"Actin, DNA, ER, Golgi, Mito, RNA",23.25581395348837,0.3410188149235622,1800903
MolDev,3siteSubSample_Scope1_MolDev_20X_4site,JUMP-MOA_compound_platemap,Plate3_PCO_6ch_4site_20XPA_Crestz,Confocal,4,3.0,1,20,6,12,10,0.75,dry,,,3,52.47662934,0.000114457,True,0.1732373750788475,58.88888888888889,"Actin, DNA, ER, Golgi, Mito, RNA",,"Actin, DNA, ER, Golgi, Mito, RNA",20.930232558139537,0.236214153848628,398159
MolDev,3siteSubSample_Scope1_MolDev_20X_9site,JUMP-MOA_compound_platemap,Plate2_PCO_6ch_9site_20XPA,Confocal,9,3.0,1,20,6,12,10,0.75,dry,,,3,52.47633409,0.00015339,True,0.1570429193849972,55.55555555555556,"Actin, DNA, ER, Golgi, Mito, RNA",,"Actin, DNA, ER, Golgi, Mito, RNA",23.25581395348837,0.2005207742488021,373264
MolDev,3siteSubSample_Scope1_MolDev_20X_9site,JUMP-MOA_compound_platemap,Plate3_PCO_6ch_9site_20XPA_Crest,Confocal,9,3.0,1,20,6,1,none,0.75,dry,,,3,52.4764107,0.000114381,True,0.1715972741712469,63.33333333333333,"Actin, DNA, ER, Golgi, Mito, RNA",,"Actin, DNA, ER, Golgi, Mito, RNA",23.25581395348837,0.268093908096605,402157
Nikon,3siteSubSample_Scope1_Nikon_20X,JUMP-MOA_compound_platemap,BR00117061a,Widefield,9,3.0,1,20,4,1,none,0.75,dry,,,3,9.872705524,27.71715326,True,0.1778712640738443,56.66666666666666,"AGP, DNA, ER, Mito",,"AGP, DNA, ER, Mito",18.6046511627907,0.2910002134567389,771694
Nikon,3siteSubSample_Scope1_Nikon_20X,JUMP-MOA_compound_platemap,BR00117062a,Widefield,9,3.0,1,20,4,1,none,0.75,dry,,,3,9.874534886,27.72811647,True,0.1715182068128983,51.11111111111111,"AGP, DNA, ER, Mito",,"AGP, DNA, ER, Mito",18.6046511627907,0.2489613805966482,767801
Nikon,3siteSubSample_Scope1_Nikon_20X,JUMP-MOA_compound_platemap,BR00117063b,Widefield,9,3.0,1,20,4,1,none,0.75,dry,,,3,9.873193143,27.72026359,True,0.2000224845676056,43.333333333333336,"AGP, DNA, ER, Mito",,"AGP, DNA, ER, Mito",16.27906976744186,0.2591250393439989,783955
Yokogawa_Japan,3siteSubSample_Scope1_Yokogawa_Japan_20X,JUMP-MOA_compound_platemap,20201021T092317,Confocal,9,3.0,1,20,5,1,none,0.75,dry,,,3,6.732652408,1.447818101,True,0.1529233803775471,60.0,"AGP, DNA, ER, Mito, RNA",,"AGP, DNA, ER, Mito, RNA",23.25581395348837,0.1995695024579633,399392
Yokogawa_US,3siteSubSample_Scope1_Yokogawa_US_10X,JUMP-MOA_compound_platemap,BRO0117014_10x,Confocal,4,3.0,1,10,6,1,none,0.4,dry,,,3,8.005537078,0.124906237,True,0.1428804854877766,54.44444444444444,"AGP, BrightField, DNA, ER, Mito, RNA",Z06,"AGP, BrightField, DNA, ER, Mito, RNA",23.25581395348837,0.1939829725711914,1516909
Yokogawa_US,3siteSubSample_Scope1_Yokogawa_US_20X_5Ch,JUMP-MOA_compound_platemap,BRO0117033_20xb,Confocal,9,3.0,1,20,5,1,none,1.0,water,,,3,8.003584569,3.32e-05,True,0.1706940555160026,52.22222222222223,"AGP, DNA, ER, Mito, RNA",,"AGP, DNA, ER, Mito, RNA",18.6046511627907,0.1982411481500389,368468
Yokogawa_US,3siteSubSample_Scope1_Yokogawa_US_20X_5Ch,JUMP-MOA_compound_platemap,BRO0117056_20x,Confocal,9,3.0,1,20,5,1,none,1.0,water,,,3,8.003585009,4.42e-05,True,0.1366289530486692,57.77777777777777,"AGP, DNA, ER, Mito, RNA",,"AGP, DNA, ER, Mito, RNA",16.27906976744186,0.1785417531272164,403905
Yokogawa_US,3siteSubSample_Scope1_Yokogawa_US_20X_5Ch_12Z,JUMP-MOA_compound_platemap,BRO0117056_20xb,Confocal,9,3.0,1,20,5,12,none,1.0,water,,,3,8.003585009,4.42e-05,True,0.1368004628200347,58.88888888888889,"AGP, DNA, ER, Mito, RNA",,"AGP, DNA, ER, Mito, RNA",20.930232558139537,0.1877639561515779,403600
Yokogawa_US,3siteSubSample_Scope1_Yokogawa_US_20X_6Ch_BRO0117059,JUMP-MOA_compound_platemap,BRO0117059_20X,Confocal,9,3.0,1,20,6,12,none,1.0,water,,,3,7.954438655,0.000583079,True,0.1641937664735699,52.22222222222223,"AGP, BrightField, DNA, ER, Mito, RNA",Z08,"AGP, BrightField, DNA, ER, Mito, RNA",18.6046511627907,0.2412706905523702,352472
Yokogawa_US,3siteSubSample_Scope1_Yokogawa_US_20X_6Ch_BRO01177034,JUMP-MOA_compound_platemap,BRO01177034_20x,Confocal,9,3.0,1,20,6,12,none,1.0,water,,,3,8.003584099,1.38e-05,True,0.1243076442483367,56.66666666666666,"AGP, BrightField, DNA, ER, Mito, RNA",Z17,"AGP, BrightField, DNA, ER, Mito, RNA",18.6046511627907,0.1660429647313266,327204
Yokogawa_US,3siteSubSample_Scope1_Yokogawa_US_40X_BRO0117059,JUMP-MOA_compound_platemap,BRO0117059_40x,Confocal,9,3.0,1,40,6,12,none,1.0,water,,,3,7.971628413,0.080201351,True,0.1622833091525292,46.66666666666666,"AGP, BrightField, DNA, ER, Mito, RNA",Z08,"AGP, BrightField, DNA, ER, Mito, RNA",23.25581395348837,0.1848022995714422,86955
MolDev,4siteSubSample_Scope1_MolDev_20X_9site,JUMP-MOA_compound_platemap,Plate2_PCO_6ch_9site_20XPA,Confocal,9,4.0,1,20,6,12,15,0.75,dry,,,4,52.47633409,0.00015339,True,0.1635149713426061,58.88888888888889,"Actin, DNA, ER, Golgi, Mito, RNA",,"Actin, DNA, ER, Golgi, Mito, RNA",23.25581395348837,0.2289263073658383,505512
MolDev,4siteSubSample_Scope1_MolDev_20X_9site,JUMP-MOA_compound_platemap,Plate3_PCO_6ch_9site_20XPA_Crest,Confocal,9,4.0,1,20,6,12,15,0.75,dry,,,4,52.4764107,0.000114381,True,0.1852206361565399,62.22222222222222,"Actin, DNA, ER, Golgi, Mito, RNA",,"Actin, DNA, ER, Golgi, Mito, RNA",23.25581395348837,0.2801044381114994,554863
Nikon,4siteSubSample_Scope1_Nikon_20X,JUMP-MOA_compound_platemap,BR00117061a,Widefield,9,4.0,1,20,4,12,15,0.75,dry,,,4,9.872705524,27.71715326,True,0.1799924400262758,56.66666666666666,"AGP, DNA, ER, Mito",,"AGP, DNA, ER, Mito",20.930232558139537,0.3284100024044184,1000889
Nikon,4siteSubSample_Scope1_Nikon_20X,JUMP-MOA_compound_platemap,BR00117062a,Widefield,9,4.0,1,20,4,12,15,0.75,dry,,,4,9.874534886,27.72811647,True,0.1800414314497075,52.22222222222223,"AGP, DNA, ER, Mito",,"AGP, DNA, ER, Mito",18.6046511627907,0.3062712346020039,992836
Nikon,4siteSubSample_Scope1_Nikon_20X,JUMP-MOA_compound_platemap,BR00117063b,Widefield,9,4.0,1,20,4,12,13,0.75,dry,,,4,9.873193143,27.72026359,True,0.2210077611439529,47.77777777777778,"AGP, DNA, ER, Mito",,"AGP, DNA, ER, Mito",11.627906976744184,0.2971504780491806,1005237
Yokogawa_Japan,4siteSubSample_Scope1_Yokogawa_Japan_20X,JUMP-MOA_compound_platemap,20201021T092317,Confocal,9,4.0,1,20,5,12,13,0.75,dry,,,4,6.732652408,1.447818101,True,0.167199863840773,56.66666666666666,"AGP, DNA, ER, Mito, RNA",,"AGP, DNA, ER, Mito, RNA",25.58139534883721,0.2175197556030426,563579
Yokogawa_US,4siteSubSample_Scope1_Yokogawa_US_20X_5Ch,JUMP-MOA_compound_platemap,BRO0117033_20xb,Confocal,9,4.0,1,20,5,12,13,1.0,water,,,4,8.003584569,3.32e-05,True,0.1705142635902496,52.22222222222223,"AGP, DNA, ER, Mito, RNA",,"AGP, DNA, ER, Mito, RNA",18.6046511627907,0.2077687369960208,489988
Yokogawa_US,4siteSubSample_Scope1_Yokogawa_US_20X_5Ch,JUMP-MOA_compound_platemap,BRO0117056_20x,Confocal,9,4.0,1,20,5,12,13,1.0,water,,,4,8.003585009,4.42e-05,True,0.1531248377242125,54.44444444444444,"AGP, DNA, ER, Mito, RNA",,"AGP, DNA, ER, Mito, RNA",20.930232558139537,0.2052672518262868,544244
Yokogawa_US,4siteSubSample_Scope1_Yokogawa_US_20X_5Ch_12Z,JUMP-MOA_compound_platemap,BRO0117056_20xb,Confocal,9,4.0,1,20,5,12,15,1.0,water,,,4,8.003585009,4.42e-05,True,0.1424860456624495,61.11111111111112,"AGP, DNA, ER, Mito, RNA",,"AGP, DNA, ER, Mito, RNA",18.6046511627907,0.2092757040071326,543826
Yokogawa_US,4siteSubSample_Scope1_Yokogawa_US_20X_6Ch_BRO0117059,JUMP-MOA_compound_platemap,BRO0117059_20X,Confocal,9,4.0,1,20,6,12,15,1.0,water,,,4,7.954438655,0.000583079,True,0.1724480933131749,56.66666666666666,"AGP, BrightField, DNA, ER, Mito, RNA",Z08,"AGP, BrightField, DNA, ER, Mito, RNA",18.6046511627907,0.2325427483951832,489099
Yokogawa_US,4siteSubSample_Scope1_Yokogawa_US_20X_6Ch_BRO01177034,JUMP-MOA_compound_platemap,BRO01177034_20x,Confocal,9,4.0,1,20,6,12,15,1.0,water,,,4,8.003584099,1.38e-05,True,0.133543303914979,56.66666666666666,"AGP, BrightField, DNA, ER, Mito, RNA",Z17,"AGP, BrightField, DNA, ER, Mito, RNA",18.6046511627907,0.1922713123257461,452567
Yokogawa_US,4siteSubSample_Scope1_Yokogawa_US_40X_BRO0117059,JUMP-MOA_compound_platemap,BRO0117059_40x,Confocal,9,4.0,1,40,6,12,15,1.0,water,,,4,7.971628413,0.080201351,True,0.1847180924478595,48.888888888888886,"AGP, BrightField, DNA, ER, Mito, RNA",Z08,"AGP, BrightField, DNA, ER, Mito, RNA",18.6046511627907,0.2137125802200462,116595
Yokogawa_US,1siteSubSample_Scope1_Yokogawa_US_40X_BRO0117059,JUMP-MOA_compound_platemap,BRO0117059_40x,Confocal,9,2.0,1,40,6,10,,1.0,water,,,2,7.971628413,0.080201351,True,0.129046459213231,40.0,"AGP, BrightField, DNA, ER, Mito, RNA",Z08,"AGP, BrightField, DNA, ER, Mito, RNA",20.930232558139537,0.1256240995955951,30300
